ind,attr
466,ZipCode
596,City
643,ZipCode
438,ZipCode
390,ZipCode
905,ZipCode
412,ZipCode
268,PhoneNumber
759,PhoneNumber
616,PhoneNumber
853,ZipCode
206,City
382,PhoneNumber
377,ZipCode
476,MeasureCode
806,City
274,MeasureCode
690,City
166,MeasureName
512,State
501,MeasureName
224,State
32,MeasureName
385,ZipCode
323,Condition
23,State
586,MeasureCode
780,ZipCode
89,Condition
928,PhoneNumber
291,ZipCode
720,PhoneNumber
447,MeasureCode
376,Condition
424,MeasureName
832,Condition
193,MeasureName
547,MeasureCode
805,MeasureCode
411,Condition
380,MeasureName
898,Condition
576,MeasureCode
348,State
811,MeasureCode
531,Stateavg
255,MeasureCode
566,Stateavg
301,MeasureCode
11,Condition
339,State
44,MeasureCode
828,Stateavg
713,Condition
986,State
815,Stateavg
683,State
784,Stateavg
433,ZipCode
219,ZipCode
941,ZipCode
236,City
946,City
568,State
107,State
286,ZipCode
756,State
294,ZipCode
611,State
72,PhoneNumber
109,PhoneNumber
862,MeasureName
132,MeasureCode
26,MeasureName
207,MeasureCode
838,MeasureName
626,Condition
436,Condition
891,MeasureCode
513,Condition
815,State
658,Stateavg
366,MeasureCode
143,Stateavg
603,MeasureCode
844,Stateavg
542,Stateavg
897,City
952,City
677,ZipCode
703,PhoneNumber
772,PhoneNumber
341,ZipCode
766,PhoneNumber
183,PhoneNumber
199,City
170,PhoneNumber
587,PhoneNumber
702,City
886,MeasureCode
805,City
452,MeasureCode
314,ZipCode
321,MeasureCode
325,ZipCode
882,City
529,City
501,Condition
797,State
519,Condition
507,ZipCode
757,Condition
135,ZipCode
675,State
406,Stateavg
86,State
250,State
33,State
61,Stateavg
571,State
305,Stateavg
557,State
552,Stateavg
814,Stateavg
57,PhoneNumber
9,PhoneNumber
532,PhoneNumber
101,PhoneNumber
407,State
813,MeasureName
110,MeasureName
604,MeasureCode
314,MeasureName
252,MeasureName
959,MeasureCode
246,Condition
247,Condition
706,Condition
707,Condition
199,Stateavg
343,State
865,State
960,Stateavg
608,Stateavg
52,City
298,City
614,ZipCode
436,City
822,ZipCode
806,ZipCode
768,ZipCode
705,ZipCode
587,City
674,City
605,State
921,PhoneNumber
345,PhoneNumber
706,PhoneNumber
886,PhoneNumber
954,PhoneNumber
175,PhoneNumber
460,PhoneNumber
97,PhoneNumber
234,MeasureName
59,MeasureCode
477,MeasureCode
135,MeasureName
857,MeasureName
739,MeasureCode
330,MeasureName
307,State
964,State
206,Stateavg
374,Stateavg
517,State
922,Stateavg
757,Stateavg
814,MeasureCode
658,City
228,ZipCode
533,ZipCode
460,City
311,ZipCode
272,State
616,State
893,State
558,PhoneNumber
243,PhoneNumber
264,PhoneNumber
677,PhoneNumber
468,MeasureName
868,MeasureCode
751,MeasureName
97,MeasureCode
116,MeasureName
986,Condition
3,Condition
770,MeasureCode
328,Condition
1000,Condition
756,Condition
289,MeasureCode
275,Condition
14,MeasureCode
691,State
863,Stateavg
782,Stateavg
203,State
722,Stateavg
779,Stateavg
706,Stateavg
340,State
974,City
360,ZipCode
538,City
312,City
765,ZipCode
712,State
916,State
494,State
546,ZipCode
277,PhoneNumber
704,PhoneNumber
157,PhoneNumber
796,PhoneNumber
521,MeasureName
657,MeasureName
982,MeasureCode
292,MeasureCode
988,MeasureName
613,Condition
761,Condition
733,Stateavg
943,State
257,State
822,State
586,City
678,City
373,City
642,City
9,City
210,ZipCode
569,City
120,ZipCode
423,PhoneNumber
227,PhoneNumber
803,PhoneNumber
758,PhoneNumber
45,ZipCode
10,PhoneNumber
718,MeasureName
863,MeasureName
459,MeasureCode
162,MeasureName
502,MeasureName
638,MeasureCode
236,MeasureName
521,Condition
73,MeasureCode
841,Condition
175,MeasureCode
661,Condition
353,Condition
532,Condition
207,State
260,Stateavg
878,ZipCode
653,ZipCode
177,City
604,City
812,ZipCode
14,City
579,ZipCode
370,ZipCode
179,State
614,State
905,State
106,State
467,PhoneNumber
252,PhoneNumber
740,PhoneNumber
724,PhoneNumber
726,PhoneNumber
887,PhoneNumber
776,PhoneNumber
675,MeasureCode
964,MeasureCode
17,MeasureName
413,MeasureCode
582,MeasureCode
53,MeasureCode
540,MeasureCode
67,MeasureName
975,MeasureCode
348,Condition
897,Condition
219,MeasureCode
338,Condition
780,Condition
289,Condition
315,Condition
333,Condition
319,State
360,Stateavg
622,State
454,State
253,State
355,Stateavg
17,ZipCode
455,ZipCode
967,ZipCode
971,City
35,State
745,State
921,ZipCode
364,State
130,State
147,State
386,ZipCode
370,State
427,PhoneNumber
84,PhoneNumber
499,PhoneNumber
553,PhoneNumber
968,PhoneNumber
182,PhoneNumber
452,MeasureName
369,MeasureName
968,MeasureCode
430,MeasureCode
945,MeasureCode
579,MeasureName
504,MeasureCode
542,MeasureName
747,Condition
75,Condition
290,MeasureCode
128,Condition
456,Condition
751,Condition
291,Condition
397,MeasureCode
667,Stateavg
997,Stateavg
906,Stateavg
707,Stateavg
974,ZipCode
737,ZipCode
366,City
94,ZipCode
947,City
926,ZipCode
387,State
788,State
477,State
615,State
563,ZipCode
124,PhoneNumber
432,PhoneNumber
756,PhoneNumber
280,PhoneNumber
915,PhoneNumber
901,PhoneNumber
725,PhoneNumber
845,MeasureCode
429,MeasureCode
93,MeasureCode
884,MeasureCode
956,MeasureCode
817,MeasureName
986,MeasureCode
543,Condition
479,Condition
343,MeasureCode
873,MeasureCode
482,Condition
153,Condition
148,Condition
561,MeasureCode
894,Stateavg
390,Stateavg
889,MeasureCode
678,Stateavg
993,State
642,State
600,Stateavg
656,City
825,City
745,ZipCode
218,ZipCode
983,ZipCode
857,City
725,ZipCode
58,ZipCode
62,City
473,City
355,City
226,ZipCode
591,State
272,ZipCode
906,State
579,PhoneNumber
7,MeasureName
282,MeasureName
257,MeasureCode
683,MeasureCode
526,MeasureCode
463,MeasureName
253,MeasureCode
951,MeasureCode
865,Condition
357,Condition
132,Stateavg
59,Stateavg
139,Stateavg
876,State
932,State
653,MeasureCode
414,State
859,State
641,Stateavg
481,City
198,City
374,City
1000,ZipCode
464,City
319,ZipCode
885,City
193,ZipCode
393,State
660,ZipCode
272,PhoneNumber
236,ZipCode
232,PhoneNumber
91,City
773,PhoneNumber
330,City
717,PhoneNumber
112,State
44,PhoneNumber
139,State
24,PhoneNumber
154,MeasureCode
149,ZipCode
419,MeasureName
73,PhoneNumber
863,MeasureCode
348,ZipCode
933,MeasureCode
929,PhoneNumber
195,MeasureCode
880,PhoneNumber
805,MeasureName
567,MeasureName
602,PhoneNumber
611,PhoneNumber
200,MeasureCode
652,MeasureName
856,Condition
966,MeasureName
620,MeasureCode
966,MeasureCode
877,MeasureCode
99,MeasureCode
402,Condition
597,Stateavg
908,MeasureCode
693,Stateavg
533,MeasureCode
922,MeasureName
384,MeasureCode
76,MeasureCode
45,MeasureCode
171,Condition
248,MeasureCode
932,Condition
599,Condition
533,State
819,State
105,Stateavg
7,City
54,City
890,City
221,City
457,ZipCode
57,City
511,ZipCode
396,ZipCode
355,State
129,ZipCode
81,PhoneNumber
497,PhoneNumber
216,PhoneNumber
32,PhoneNumber
11,MeasureCode
447,City
626,MeasureName
434,MeasureCode
718,City
126,MeasureName
772,City
185,MeasureName
198,ZipCode
589,MeasureCode
650,ZipCode
513,MeasureName
766,City
235,MeasureName
690,ZipCode
210,MeasureName
435,City
830,Condition
80,City
82,PhoneNumber
283,Condition
762,PhoneNumber
562,Condition
226,PhoneNumber
480,Condition
584,PhoneNumber
50,MeasureCode
857,MeasureCode
475,Stateavg
242,MeasureName
419,Stateavg
654,MeasureCode
429,State
217,MeasureCode
335,MeasureCode
887,MeasureCode
193,Stateavg
332,MeasureName
778,Stateavg
425,Condition
393,Stateavg
17,Condition
186,Stateavg
290,Condition
972,State
645,MeasureCode
891,Condition
605,Condition
899,Condition
633,Stateavg
729,State
665,Stateavg
457,Stateavg
864,State
255,Stateavg
14,State
462,ZipCode
483,City
8,ZipCode
856,ZipCode
171,ZipCode
826,ZipCode
185,City
891,City
589,City
316,ZipCode
63,City
368,ZipCode
710,State
110,State
506,State
117,State
123,State
406,PhoneNumber
688,PhoneNumber
265,ZipCode
468,MeasureCode
943,MeasureCode
92,MeasureCode
86,MeasureName
946,MeasureName
947,MeasureCode
699,MeasureCode
120,Condition
682,Condition
920,Condition
679,State
153,Stateavg
681,State
468,City
53,City
992,City
324,ZipCode
162,State
892,State
798,ZipCode
369,State
753,PhoneNumber
970,PhoneNumber
634,MeasureCode
53,MeasureName
180,MeasureName
867,MeasureCode
598,MeasureCode
311,MeasureName
774,MeasureCode
703,Stateavg
207,Stateavg
329,Stateavg
338,State
956,Stateavg
183,City
978,City
936,City
316,City
1,City
789,State
365,State
164,ZipCode
230,State
744,State
566,ZipCode
494,ZipCode
396,State
475,PhoneNumber
156,PhoneNumber
889,PhoneNumber
454,PhoneNumber
301,PhoneNumber
853,MeasureName
938,MeasureName
30,MeasureCode
287,MeasureName
449,MeasureCode
326,MeasureCode
456,MeasureName
167,MeasureCode
707,MeasureCode
35,Condition
807,Condition
566,MeasureCode
500,Condition
134,Condition
386,Condition
83,Condition
129,Condition
43,Stateavg
604,Stateavg
671,Stateavg
950,Stateavg
986,City
703,City
749,ZipCode
761,City
244,ZipCode
465,City
706,City
196,City
817,ZipCode
228,State
136,State
582,State
402,ZipCode
915,State
109,ZipCode
898,State
393,PhoneNumber
970,MeasureCode
349,MeasureCode
752,MeasureName
602,MeasureCode
438,MeasureName
476,Condition
604,Condition
722,Condition
328,ZipCode
552,Condition
572,MeasureCode
185,ZipCode
804,Stateavg
55,ZipCode
219,Stateavg
331,ZipCode
256,Stateavg
460,ZipCode
301,City
793,Stateavg
87,State
144,State
127,ZipCode
36,State
764,State
670,PhoneNumber
240,PhoneNumber
65,PhoneNumber
651,PhoneNumber
921,MeasureCode
592,MeasureCode
793,MeasureName
755,Condition
612,Condition
393,Condition
651,Condition
69,Stateavg
327,City
744,City
518,City
787,ZipCode
99,State
156,ZipCode
399,State
704,State
34,PhoneNumber
196,MeasureCode
861,MeasureName
468,Stateavg
146,Stateavg
82,Stateavg
741,Stateavg
211,State
443,City
365,ZipCode
950,ZipCode
174,State
799,ZipCode
161,State
711,PhoneNumber
136,PhoneNumber
79,PhoneNumber
680,PhoneNumber
591,PhoneNumber
1000,PhoneNumber
456,PhoneNumber
463,PhoneNumber
534,MeasureName
933,MeasureName
928,MeasureName
177,MeasureName
518,MeasureName
597,MeasureCode
414,MeasureCode
883,Condition
962,Stateavg
911,Stateavg
301,Stateavg
695,City
951,City
179,City
757,City
72,City
435,ZipCode
895,State
90,State
382,State
930,ZipCode
907,ZipCode
884,State
375,PhoneNumber
744,PhoneNumber
261,PhoneNumber
469,PhoneNumber
614,PhoneNumber
729,PhoneNumber
960,PhoneNumber
280,MeasureName
93,MeasureName
592,MeasureName
9,MeasureCode
357,MeasureCode
918,MeasureCode
994,Condition
709,Condition
989,State
335,Stateavg
690,State
75,ZipCode
770,City
982,City
827,ZipCode
968,ZipCode
96,State
923,ZipCode
269,PhoneNumber
402,PhoneNumber
930,PhoneNumber
546,PhoneNumber
255,ZipCode
331,PhoneNumber
527,PhoneNumber
95,PhoneNumber
870,MeasureCode
51,MeasureName
729,MeasureName
382,MeasureCode
307,Condition
863,Condition
208,MeasureCode
77,Condition
344,Condition
194,Condition
285,Condition
731,Condition
33,MeasureCode
101,Stateavg
408,Stateavg
347,Stateavg
962,State
426,MeasureCode
714,City
597,State
795,State
745,PhoneNumber
827,PhoneNumber
647,PhoneNumber
959,PhoneNumber
39,PhoneNumber
973,MeasureName
921,MeasureName
228,MeasureCode
345,MeasureCode
141,MeasureCode
552,MeasureName
386,MeasureCode
580,Condition
887,Condition
205,Stateavg
851,Stateavg
203,Stateavg
515,Stateavg
300,City
756,City
176,City
725,City
225,City
287,State
801,State
271,State
293,ZipCode
74,State
548,PhoneNumber
898,PhoneNumber
577,MeasureName
743,MeasureCode
940,MeasureCode
742,MeasureCode
221,MeasureCode
879,MeasureName
247,MeasureName
513,MeasureCode
305,MeasureName
763,MeasureName
145,MeasureName
467,Condition
862,Condition
697,Condition
201,Condition
144,MeasureCode
805,Condition
834,Condition
883,MeasureCode
786,Stateavg
320,Stateavg
523,State
349,State
627,State
529,State
644,ZipCode
463,ZipCode
721,City
861,ZipCode
388,ZipCode
110,ZipCode
365,PhoneNumber
652,PhoneNumber
941,PhoneNumber
993,PhoneNumber
146,MeasureCode
71,MeasureName
576,MeasureName
157,MeasureCode
224,Condition
858,MeasureCode
925,Condition
17,State
606,Stateavg
32,Stateavg
847,Stateavg
535,City
719,ZipCode
962,ZipCode
93,ZipCode
682,ZipCode
209,City
945,ZipCode
175,City
368,City
280,State
32,ZipCode
91,State
121,PhoneNumber
101,MeasureCode
309,MeasureCode
303,MeasureName
1,MeasureCode
431,MeasureName
315,MeasureName
524,Condition
808,MeasureCode
284,Condition
359,Condition
624,Condition
309,State
797,Stateavg
632,State
236,Stateavg
518,State
73,City
310,City
214,City
530,ZipCode
931,ZipCode
444,City
789,ZipCode
743,PhoneNumber
64,ZipCode
748,PhoneNumber
291,PhoneNumber
40,PhoneNumber
35,MeasureName
632,MeasureCode
756,MeasureCode
673,MeasureName
569,MeasureName
820,MeasureCode
625,Condition
836,Condition
813,Condition
835,Condition
525,Condition
23,MeasureCode
941,Condition
769,MeasureCode
848,MeasureCode
956,Condition
937,Condition
732,Stateavg
588,City
934,City
379,State
164,State
247,ZipCode
582,PhoneNumber
800,PhoneNumber
785,PhoneNumber
284,State
775,PhoneNumber
323,MeasureName
365,MeasureName
667,MeasureName
845,MeasureName
136,MeasureCode
474,MeasureName
916,MeasureName
277,MeasureName
509,MeasureCode
13,MeasureCode
214,MeasureCode
797,Condition
349,Condition
398,Condition
616,MeasureCode
955,MeasureCode
39,Condition
611,Condition
578,Stateavg
985,Stateavg
765,Stateavg
700,City
223,ZipCode
6,City
526,City
648,ZipCode
472,City
886,State
563,State
542,State
685,PhoneNumber
491,ZipCode
916,PhoneNumber
113,PhoneNumber
458,MeasureCode
901,MeasureCode
507,MeasureName
915,MeasureName
506,Condition
108,Condition
791,Condition
836,State
506,Stateavg
783,Stateavg
935,ZipCode
955,City
608,State
553,ZipCode
155,PhoneNumber
269,ZipCode
312,PhoneNumber
459,PhoneNumber
537,PhoneNumber
29,PhoneNumber
793,PhoneNumber
700,MeasureCode
197,MeasureName
293,MeasureName
665,MeasureName
339,MeasureName
676,MeasureName
254,MeasureCode
296,Condition
636,MeasureCode
663,Condition
852,MeasureCode
58,Condition
816,Condition
855,Condition
831,Condition
960,State
264,State
947,Stateavg
870,ZipCode
700,ZipCode
886,City
597,ZipCode
535,ZipCode
531,City
49,City
23,ZipCode
547,State
186,State
207,PhoneNumber
707,PhoneNumber
12,PhoneNumber
41,PhoneNumber
329,MeasureCode
642,MeasureName
266,MeasureCode
746,MeasureName
530,MeasureCode
322,Condition
210,Condition
700,Stateavg
533,Stateavg
935,City
238,ZipCode
768,City
884,ZipCode
926,State
695,State
797,ZipCode
167,ZipCode
38,ZipCode
256,PhoneNumber
319,PhoneNumber
263,PhoneNumber
442,PhoneNumber
119,PhoneNumber
16,MeasureName
118,MeasureCode
66,MeasureName
771,MeasureName
622,MeasureCode
487,MeasureCode
971,State
648,State
907,Stateavg
218,City
533,City
92,City
758,City
543,ZipCode
113,State
372,State
929,ZipCode
497,ZipCode
384,State
542,ZipCode
488,PhoneNumber
906,PhoneNumber
434,PhoneNumber
117,PhoneNumber
813,MeasureCode
126,MeasureCode
657,MeasureCode
817,MeasureCode
686,Condition
365,Condition
75,MeasureCode
638,Condition
380,Condition
637,Condition
847,Condition
119,MeasureCode
591,Stateavg
503,Stateavg
790,Stateavg
774,Stateavg
442,City
712,City
772,ZipCode
224,ZipCode
803,ZipCode
573,State
906,ZipCode
566,State
485,State
705,State
415,PhoneNumber
376,PhoneNumber
757,PhoneNumber
768,PhoneNumber
936,PhoneNumber
743,MeasureName
282,MeasureCode
372,MeasureName
790,MeasureName
600,MeasureCode
227,Condition
25,MeasureCode
662,Condition
925,MeasureCode
214,Stateavg
93,Stateavg
50,Stateavg
892,ZipCode
873,ZipCode
303,ZipCode
857,ZipCode
81,ZipCode
480,City
654,City
50,City
358,City
713,State
764,City
403,PhoneNumber
661,ZipCode
217,PhoneNumber
475,State
965,PhoneNumber
595,State
146,ZipCode
475,MeasureCode
25,ZipCode
749,MeasureName
697,PhoneNumber
18,MeasureName
245,ZipCode
837,MeasureName
171,MeasureName
840,MeasureName
268,MeasureCode
993,MeasureName
698,MeasureCode
79,MeasureName
330,MeasureCode
859,MeasureCode
334,Condition
886,Condition
169,Condition
556,Condition
987,Condition
520,Condition
100,MeasureCode
528,State
511,Condition
53,Stateavg
911,MeasureCode
264,Condition
511,Stateavg
328,State
536,Stateavg
721,State
811,Stateavg
370,Stateavg
591,ZipCode
862,ZipCode
70,ZipCode
589,ZipCode
715,ZipCode
900,City
532,ZipCode
550,State
678,PhoneNumber
418,ZipCode
985,PhoneNumber
15,MeasureCode
434,MeasureName
556,MeasureName
609,MeasureCode
826,MeasureCode
617,MeasureName
948,MeasureCode
246,MeasureCode
393,MeasureName
211,MeasureCode
634,Condition
16,Condition
981,Condition
354,Condition
840,Condition
976,Condition
927,Condition
754,Condition
833,MeasureCode
960,Condition
275,MeasureCode
727,State
310,Stateavg
838,State
882,Stateavg
595,ZipCode
716,ZipCode
229,ZipCode
303,City
212,ZipCode
74,City
796,ZipCode
39,State
250,PhoneNumber
276,PhoneNumber
359,PhoneNumber
309,PhoneNumber
359,MeasureCode
601,MeasureName
103,MeasureCode
142,MeasureCode
607,MeasureCode
137,MeasureName
583,MeasureCode
499,MeasureCode
287,Condition
452,Condition
755,MeasureCode
576,Condition
627,Condition
74,Condition
569,Condition
28,Stateavg
244,Stateavg
106,Stateavg
94,Stateavg
54,ZipCode
359,ZipCode
68,City
482,City
665,ZipCode
883,ZipCode
216,City
577,State
506,ZipCode
292,State
900,State
195,PhoneNumber
284,PhoneNumber
46,PhoneNumber
140,State
120,MeasureName
935,MeasureCode
819,MeasureCode
82,MeasureName
725,MeasureName
725,MeasureCode
73,Condition
559,Condition
609,Condition
5,Condition
230,Condition
957,Condition
115,Condition
334,State
617,Stateavg
531,State
299,State
817,Stateavg
446,ZipCode
808,City
440,ZipCode
68,ZipCode
891,ZipCode
729,ZipCode
762,City
393,ZipCode
515,State
142,ZipCode
718,PhoneNumber
297,PhoneNumber
519,PhoneNumber
306,PhoneNumber
711,State
155,MeasureCode
251,MeasureName
96,MeasureCode
659,MeasureName
748,MeasureName
416,MeasureName
792,MeasureCode
331,MeasureName
939,MeasureCode
717,MeasureCode
100,Condition
150,Condition
781,MeasureCode
571,Condition
420,Condition
602,Condition
979,Stateavg
807,Stateavg
594,ZipCode
194,City
576,ZipCode
526,ZipCode
217,ZipCode
818,City
147,ZipCode
177,State
776,ZipCode
235,State
238,PhoneNumber
412,PhoneNumber
574,PhoneNumber
194,PhoneNumber
575,PhoneNumber
105,PhoneNumber
168,MeasureName
801,MeasureName
201,MeasureName
913,MeasureName
681,MeasureName
142,MeasureName
696,MeasureCode
72,MeasureCode
317,Condition
415,Condition
686,MeasureCode
488,Condition
785,Condition
566,Condition
222,Condition
575,Condition
890,Stateavg
425,State
502,Stateavg
78,Stateavg
468,ZipCode
25,Stateavg
178,ZipCode
945,State
766,ZipCode
859,Stateavg
809,State
603,ZipCode
762,ZipCode
469,City
507,State
777,ZipCode
500,ZipCode
266,PhoneNumber
124,MeasureName
287,MeasureCode
179,MeasureCode
167,MeasureName
590,MeasureCode
664,MeasureCode
829,Condition
597,Condition
95,Condition
25,Condition
53,Condition
588,Condition
123,MeasureCode
541,Stateavg
636,Stateavg
349,Stateavg
683,Stateavg
661,State
18,City
998,City
312,ZipCode
133,ZipCode
128,ZipCode
885,State
361,City
39,ZipCode
458,ZipCode
109,State
449,ZipCode
64,PhoneNumber
525,City
162,PhoneNumber
226,State
185,PhoneNumber
173,PhoneNumber
87,PhoneNumber
18,MeasureCode
502,PhoneNumber
932,MeasureName
236,PhoneNumber
404,MeasureCode
96,MeasureName
347,MeasureCode
801,MeasureCode
914,MeasureName
135,MeasureCode
304,MeasureName
869,MeasureCode
624,MeasureName
759,MeasureCode
734,MeasureCode
29,Condition
515,MeasureName
297,Condition
899,MeasureName
816,MeasureCode
557,MeasureCode
269,MeasureCode
157,MeasureName
396,Condition
428,MeasureCode
917,Stateavg
586,Condition
629,Stateavg
554,Condition
753,Stateavg
555,Condition
852,State
833,Condition
925,Stateavg
633,State
256,MeasureCode
86,Stateavg
584,City
597,City
466,City
745,City
748,ZipCode
746,ZipCode
34,State
410,ZipCode
481,State
243,State
225,State
583,State
145,State
140,ZipCode
333,PhoneNumber
332,PhoneNumber
733,PhoneNumber
116,PhoneNumber
997,MeasureName
614,MeasureName
77,MeasureCode
329,MeasureName
837,MeasureCode
291,MeasureCode
13,MeasureName
99,Condition
445,Condition
622,Stateavg
996,Stateavg
532,Stateavg
356,City
733,City
948,ZipCode
485,City
810,City
192,City
279,State
399,ZipCode
59,PhoneNumber
493,PhoneNumber
416,ZipCode
771,PhoneNumber
184,MeasureCode
539,MeasureName
187,MeasureCode
202,MeasureName
906,MeasureCode
669,MeasureCode
885,MeasureCode
865,MeasureCode
79,MeasureCode
299,MeasureCode
793,MeasureCode
36,MeasureCode
435,MeasureCode
910,Condition
352,Condition
329,Condition
195,Stateavg
398,Stateavg
431,State
77,ZipCode
976,ZipCode
949,ZipCode
750,City
661,City
196,ZipCode
609,State
552,State
70,PhoneNumber
904,PhoneNumber
509,PhoneNumber
237,PhoneNumber
151,PhoneNumber
894,PhoneNumber
268,MeasureName
78,MeasureName
19,MeasureCode
371,MeasureName
226,MeasureCode
471,Condition
316,Condition
655,MeasureCode
458,State
761,Stateavg
486,Stateavg
201,State
822,Stateavg
295,State
205,ZipCode
53,ZipCode
484,State
40,ZipCode
391,ZipCode
692,PhoneNumber
556,PhoneNumber
763,PhoneNumber
945,PhoneNumber
572,PhoneNumber
132,MeasureName
629,MeasureName
302,MeasureCode
61,MeasureCode
104,MeasureName
376,MeasureCode
734,MeasureName
250,Condition
189,Condition
135,Condition
421,Stateavg
981,State
658,State
209,State
930,Stateavg
336,State
199,ZipCode
592,ZipCode
237,ZipCode
602,City
796,State
551,ZipCode
468,PhoneNumber
816,PhoneNumber
63,PhoneNumber
137,PhoneNumber
187,PhoneNumber
525,PhoneNumber
854,MeasureCode
221,MeasureName
493,MeasureName
759,MeasureName
427,MeasureCode
402,MeasureCode
757,MeasureCode
463,MeasureCode
544,Condition
319,Condition
337,MeasureCode
125,Stateavg
483,ZipCode
323,City
868,City
520,City
300,ZipCode
653,City
769,City
969,ZipCode
752,City
191,City
29,ZipCode
912,PhoneNumber
812,PhoneNumber
94,PhoneNumber
254,PhoneNumber
870,MeasureName
251,MeasureCode
227,MeasureCode
780,MeasureCode
600,MeasureName
357,MeasureName
882,MeasureName
758,MeasureName
192,MeasureCode
311,MeasureCode
140,Condition
26,Condition
548,Condition
244,MeasureCode
882,Condition
975,State
568,Stateavg
631,State
60,Stateavg
618,State
475,ZipCode
773,City
890,State
160,ZipCode
35,ZipCode
33,ZipCode
562,ZipCode
600,State
887,State
168,PhoneNumber
821,PhoneNumber
153,PhoneNumber
239,PhoneNumber
909,PhoneNumber
817,PhoneNumber
415,MeasureCode
87,MeasureCode
229,MeasureName
582,MeasureName
916,MeasureCode
893,MeasureName
726,Condition
179,Condition
939,Condition
547,Stateavg
803,Stateavg
883,Stateavg
193,City
741,ZipCode
217,City
855,ZipCode
445,ZipCode
613,ZipCode
598,City
16,City
604,State
804,City
778,ZipCode
658,ZipCode
582,City
899,City
713,ZipCode
32,State
704,ZipCode
882,State
484,PhoneNumber
27,State
741,PhoneNumber
97,ZipCode
984,PhoneNumber
780,State
98,PhoneNumber
323,MeasureCode
395,ZipCode
267,MeasureCode
294,PhoneNumber
962,MeasureName
972,PhoneNumber
958,MeasureName
390,MeasureName
28,Condition
486,Condition
280,Condition
573,MeasureName
879,Condition
733,MeasureCode
625,State
224,MeasureCode
703,MeasureCode
218,MeasureCode
876,MeasureCode
230,MeasureName
702,MeasureCode
471,MeasureCode
778,MeasureCode
402,MeasureName
657,Condition
233,MeasureCode
853,State
682,Stateavg
916,Stateavg
194,Stateavg
404,Stateavg
391,MeasureCode
944,ZipCode
646,State
819,ZipCode
774,State
540,ZipCode
295,Stateavg
69,State
10,State
59,State
939,State
390,State
560,State
168,ZipCode
288,ZipCode
62,State
419,PhoneNumber
715,PhoneNumber
701,PhoneNumber
155,MeasureName
964,MeasureName
912,MeasureCode
364,MeasureName
601,MeasureCode
161,MeasureCode
973,Condition
868,Condition
318,Condition
561,Condition
723,State
457,State
11,ZipCode
478,City
951,ZipCode
978,ZipCode
709,City
181,ZipCode
689,ZipCode
734,City
875,ZipCode
330,ZipCode
708,State
916,ZipCode
141,State
361,PhoneNumber
47,PhoneNumber
163,PhoneNumber
694,PhoneNumber
792,PhoneNumber
407,MeasureCode
318,MeasureName
598,MeasureName
433,Condition
892,Condition
824,Condition
687,MeasureCode
457,Condition
705,Condition
732,Condition
356,Stateavg
643,State
995,ZipCode
523,ZipCode
578,ZipCode
971,ZipCode
86,ZipCode
175,ZipCode
786,ZipCode
28,ZipCode
244,State
48,State
151,ZipCode
765,State
543,PhoneNumber
824,PhoneNumber
320,PhoneNumber
418,PhoneNumber
197,ZipCode
86,PhoneNumber
511,PhoneNumber
337,PhoneNumber
963,PhoneNumber
799,PhoneNumber
291,State
780,PhoneNumber
928,MeasureCode
832,MeasureCode
346,MeasureCode
318,MeasureCode
899,MeasureCode
767,MeasureName
765,MeasureName
459,Condition
90,Condition
233,Condition
358,Condition
820,Condition
728,State
877,State
363,Stateavg
56,MeasureCode
76,Stateavg
975,City
434,ZipCode
998,ZipCode
593,ZipCode
304,ZipCode
406,ZipCode
52,State
908,ZipCode
277,State
266,ZipCode
967,PhoneNumber
593,PhoneNumber
31,PhoneNumber
787,MeasureCode
199,MeasureName
554,MeasureCode
682,MeasureCode
153,MeasureCode
784,MeasureCode
300,Condition
27,Condition
983,Condition
935,State
176,Stateavg
293,Stateavg
992,MeasureCode
732,State
317,ZipCode
733,ZipCode
220,City
665,City
715,City
182,ZipCode
902,State
408,State
476,State
294,State
143,State
599,State
267,PhoneNumber
477,PhoneNumber
494,PhoneNumber
996,PhoneNumber
43,MeasureName
201,MeasureCode
533,MeasureName
159,MeasureCode
322,MeasureName
810,MeasureCode
493,Condition
103,Condition
420,MeasureCode
435,Condition
234,Stateavg
155,Stateavg
491,Stateavg
325,State
598,Stateavg
590,Stateavg
888,ZipCode
488,City
47,ZipCode
179,ZipCode
681,City
717,ZipCode
543,State
558,ZipCode
189,State
514,State
498,ZipCode
399,PhoneNumber
22,PhoneNumber
484,MeasureCode
639,MeasureCode
596,MeasureName
723,MeasureCode
220,MeasureCode
879,MeasureCode
867,MeasureName
624,MeasureCode
518,MeasureCode
356,Condition
162,Condition
416,Condition
10,Condition
3,ZipCode
256,State
584,ZipCode
616,Stateavg
219,City
683,City
215,City
787,State
274,State
561,Stateavg
126,State
611,Stateavg
115,State
108,State
117,ZipCode
759,State
489,State
132,PhoneNumber
503,PhoneNumber
212,PhoneNumber
56,PhoneNumber
518,PhoneNumber
218,MeasureName
242,MeasureCode
550,MeasureName
937,MeasureName
808,Condition
276,Condition
679,Condition
829,Stateavg
85,Stateavg
631,Stateavg
381,Stateavg
993,Stateavg
865,Stateavg
324,State
323,ZipCode
961,ZipCode
582,ZipCode
172,ZipCode
492,ZipCode
927,ZipCode
37,State
48,PhoneNumber
346,ZipCode
249,ZipCode
807,MeasureName
390,MeasureCode
413,MeasureName
474,MeasureCode
546,MeasureName
749,Condition
536,MeasureCode
395,Condition
580,MeasureCode
863,State
8,Stateavg
385,Stateavg
941,State
869,Stateavg
225,Stateavg
884,Stateavg
670,ZipCode
973,City
997,ZipCode
207,ZipCode
896,ZipCode
213,City
377,City
587,ZipCode
544,ZipCode
910,State
610,State
100,State
492,State
290,ZipCode
104,State
398,State
161,ZipCode
918,State
429,ZipCode
671,PhoneNumber
15,PhoneNumber
645,PhoneNumber
879,PhoneNumber
442,MeasureCode
388,MeasureCode
854,MeasureName
836,MeasureName
41,MeasureCode
957,MeasureCode
830,MeasureCode
400,MeasureName
618,MeasureCode
520,MeasureCode
364,Condition
375,Condition
582,Condition
295,Condition
611,MeasureCode
359,Stateavg
981,Stateavg
802,Stateavg
270,Stateavg
546,Stateavg
918,Stateavg
47,City
206,ZipCode
15,City
753,ZipCode
308,ZipCode
807,ZipCode
230,City
821,ZipCode
318,City
86,City
878,State
96,ZipCode
771,ZipCode
271,ZipCode
474,PhoneNumber
469,ZipCode
661,PhoneNumber
111,PhoneNumber
559,State
965,MeasureCode
503,ZipCode
861,MeasureCode
120,State
15,Condition
472,State
670,Condition
560,PhoneNumber
139,Condition
908,PhoneNumber
183,Condition
164,PhoneNumber
629,Condition
819,PhoneNumber
594,Condition
376,ZipCode
455,Condition
188,PhoneNumber
341,Condition
432,MeasureCode
936,Condition
47,MeasureName
57,Condition
621,MeasureCode
15,State
128,MeasureCode
527,Stateavg
642,MeasureCode
66,MeasureCode
367,MeasureName
216,MeasureName
940,Condition
354,MeasureCode
793,Condition
184,Stateavg
888,Stateavg
156,Stateavg
299,Stateavg
431,Stateavg
400,Stateavg
647,City
902,City
999,City
604,ZipCode
225,ZipCode
767,ZipCode
479,State
544,PhoneNumber
326,ZipCode
281,PhoneNumber
751,PhoneNumber
362,PhoneNumber
975,PhoneNumber
933,PhoneNumber
931,PhoneNumber
937,PhoneNumber
96,PhoneNumber
43,PhoneNumber
740,MeasureName
272,MeasureCode
880,MeasureCode
888,MeasureName
369,MeasureCode
971,MeasureCode
751,MeasureCode
24,MeasureName
315,MeasureCode
996,MeasureCode
107,Condition
966,State
430,State
90,ZipCode
755,City
865,ZipCode
313,City
66,ZipCode
765,City
574,State
155,ZipCode
488,State
716,State
41,ZipCode
102,ZipCode
403,ZipCode
793,State
425,PhoneNumber
167,PhoneNumber
557,PhoneNumber
387,MeasureName
584,MeasureCode
525,MeasureCode
427,MeasureName
599,MeasureCode
647,ZipCode
546,MeasureCode
989,Condition
862,City
320,Condition
668,ZipCode
688,Condition
707,City
809,Condition
92,State
180,State
878,Stateavg
35,Stateavg
157,ZipCode
466,State
88,PhoneNumber
678,State
514,PhoneNumber
259,Stateavg
446,PhoneNumber
663,PhoneNumber
970,MeasureName
524,MeasureCode
171,MeasureCode
68,MeasureCode
172,MeasureName
666,Condition
441,Condition
71,Condition
790,Condition
550,Condition
30,Stateavg
8,State
131,MeasureCode
827,State
407,Stateavg
336,Stateavg
309,City
223,City
669,ZipCode
696,ZipCode
662,ZipCode
410,State
380,State
783,State
564,State
287,PhoneNumber
255,PhoneNumber
196,PhoneNumber
570,PhoneNumber
659,PhoneNumber
662,PhoneNumber
385,PhoneNumber
543,MeasureCode
284,MeasureCode
638,MeasureName
1,MeasureName
672,Condition
203,Condition
948,Condition
257,Condition
854,City
748,Condition
545,MeasureCode
283,MeasureCode
39,MeasureCode
85,ZipCode
215,Condition
224,City
130,Stateavg
645,ZipCode
507,Stateavg
673,City
305,City
704,City
767,City
699,ZipCode
385,State
229,State
128,State
879,State
701,State
551,State
516,State
893,PhoneNumber
991,MeasureName
459,MeasureName
356,MeasureCode
764,MeasureCode
470,Condition
46,Condition
738,Condition
173,Condition
828,Condition
9,State
872,Stateavg
944,City
743,City
61,City
994,ZipCode
456,City
186,ZipCode
732,ZipCode
12,ZipCode
91,ZipCode
897,State
27,ZipCode
46,State
790,ZipCode
138,PhoneNumber
980,PhoneNumber
648,PhoneNumber
544,MeasureName
203,MeasureCode
421,MeasureName
658,MeasureCode
631,MeasureCode
729,MeasureCode
176,MeasureCode
346,MeasureName
37,MeasureCode
900,MeasureName
926,MeasureCode
390,Condition
199,State
326,State
285,Stateavg
968,Stateavg
497,Stateavg
668,Stateavg
315,State
459,City
813,ZipCode
874,ZipCode
726,ZipCode
981,ZipCode
227,City
201,ZipCode
931,City
319,City
651,ZipCode
189,ZipCode
532,City
827,City
468,State
444,ZipCode
102,State
571,City
44,ZipCode
990,City
497,State
404,State
397,State
95,ZipCode
63,State
373,State
791,State
781,State
565,PhoneNumber
422,ZipCode
531,PhoneNumber
429,PhoneNumber
656,MeasureCode
161,PhoneNumber
104,MeasureCode
321,PhoneNumber
229,MeasureCode
7,PhoneNumber
615,MeasureName
11,PhoneNumber
648,MeasureName
606,PhoneNumber
72,MeasureName
592,PhoneNumber
884,MeasureName
851,MeasureName
401,MeasureName
475,Condition
627,MeasureName
47,Condition
261,MeasureCode
912,Condition
12,MeasureCode
939,MeasureName
50,Condition
933,Condition
711,Stateavg
418,MeasureCode
912,Stateavg
916,Condition
525,Stateavg
648,Condition
280,Stateavg
558,Stateavg
338,Stateavg
332,Stateavg
255,State
181,Stateavg
809,Stateavg
200,ZipCode
361,ZipCode
453,City
982,ZipCode
471,City
731,City
759,ZipCode
958,ZipCode
49,ZipCode
47,State
273,State
24,ZipCode
499,ZipCode
158,ZipCode
728,PhoneNumber
13,PhoneNumber
782,PhoneNumber
387,MeasureCode
890,MeasureCode
68,MeasureName
436,MeasureCode
297,MeasureName
593,MeasureCode
67,MeasureCode
143,MeasureCode
780,MeasureName
295,MeasureName
763,MeasureCode
947,MeasureName
308,MeasureCode
797,MeasureCode
89,Stateavg
728,Stateavg
581,City
184,ZipCode
856,City
815,City
866,City
79,ZipCode
590,ZipCode
783,ZipCode
690,PhoneNumber
534,PhoneNumber
8,PhoneNumber
467,MeasureCode
718,MeasureCode
983,MeasureCode
712,Condition
741,Condition
930,MeasureCode
668,Condition
884,Condition
492,Stateavg
149,Stateavg
311,Stateavg
296,ZipCode
595,City
703,ZipCode
517,ZipCode
965,ZipCode
664,City
562,State
793,ZipCode
923,State
80,State
888,PhoneNumber
450,PhoneNumber
721,PhoneNumber
118,PhoneNumber
232,MeasureName
979,MeasureName
772,MeasureCode
349,MeasureName
338,MeasureCode
393,MeasureCode
344,MeasureCode
531,Condition
562,MeasureCode
720,Condition
987,Stateavg
839,MeasureCode
717,Stateavg
861,State
553,MeasureCode
231,ZipCode
240,City
556,ZipCode
904,State
425,ZipCode
341,PhoneNumber
682,PhoneNumber
458,PhoneNumber
899,PhoneNumber
988,PhoneNumber
979,MeasureCode
187,MeasureName
826,MeasureName
207,MeasureName
220,MeasureName
778,MeasureName
860,MeasureCode
704,MeasureName
48,MeasureCode
696,Condition
80,Condition
456,Stateavg
857,Stateavg
953,ZipCode
761,ZipCode
207,City
2,ZipCode
216,ZipCode
919,ZipCode
124,State
438,PhoneNumber
389,MeasureCode
973,MeasureCode
430,MeasureName
266,MeasureName
105,MeasureCode
689,MeasureName
374,Condition
798,MeasureCode
968,Condition
473,Condition
262,Condition
504,Condition
995,State
328,Stateavg
1000,State
653,State
324,Stateavg
963,ZipCode
650,City
720,City
880,State
184,State
576,State
384,ZipCode
927,PhoneNumber
683,PhoneNumber
296,PhoneNumber
610,PhoneNumber
881,PhoneNumber
114,PhoneNumber
34,MeasureCode
365,MeasureCode
203,MeasureName
773,MeasureName
149,MeasureName
710,City
990,MeasureName
726,City
595,Condition
889,ZipCode
34,Condition
321,ZipCode
845,Condition
225,MeasureCode
611,ZipCode
928,ZipCode
242,State
757,State
743,Stateavg
989,Stateavg
339,PhoneNumber
596,PhoneNumber
627,Stateavg
124,MeasureCode
430,Stateavg
864,MeasureCode
228,MeasureName
553,Stateavg
95,MeasureName
665,MeasureCode
945,MeasureName
588,MeasureCode
431,MeasureCode
339,MeasureCode
608,MeasureCode
54,Condition
823,MeasureCode
994,MeasureCode
522,Condition
521,State
195,State
715,Stateavg
454,Stateavg
75,City
161,Stateavg
567,ZipCode
80,ZipCode
412,State
103,ZipCode
143,ZipCode
915,ZipCode
258,ZipCode
357,PhoneNumber
333,ZipCode
334,MeasureName
744,MeasureName
713,MeasureName
721,MeasureName
3,MeasureCode
656,Condition
114,MeasureCode
934,Condition
355,Condition
541,State
842,Stateavg
575,Stateavg
534,City
736,City
893,City
318,ZipCode
698,City
93,State
122,ZipCode
394,ZipCode
509,ZipCode
918,ZipCode
913,PhoneNumber
723,PhoneNumber
45,City
829,MeasureName
559,MeasureName
617,MeasureCode
477,MeasureName
709,MeasureName
143,MeasureName
37,MeasureName
689,MeasureCode
435,MeasureName
272,Condition
302,Condition
993,Condition
249,Condition
309,Stateavg
968,State
673,State
666,City
863,ZipCode
204,City
457,City
689,City
467,State
714,State
70,State
168,State
281,State
794,State
711,ZipCode
285,PhoneNumber
209,PhoneNumber
680,ZipCode
498,PhoneNumber
368,PhoneNumber
686,City
890,PhoneNumber
955,PhoneNumber
35,PhoneNumber
788,MeasureName
112,MeasureCode
406,MeasureCode
634,MeasureName
179,MeasureName
825,MeasureName
421,MeasureCode
840,MeasureCode
236,MeasureCode
849,MeasureName
362,MeasureCode
732,MeasureCode
182,MeasureName
324,MeasureCode
970,Condition
761,MeasureCode
360,Condition
209,Condition
509,Condition
542,Condition
718,Stateavg
214,State
95,Stateavg
81,MeasureCode
314,Stateavg
20,Stateavg
459,ZipCode
959,City
474,City
968,City
927,State
237,State
66,State
707,State
286,PhoneNumber
144,PhoneNumber
687,PhoneNumber
427,ZipCode
254,ZipCode
814,PhoneNumber
99,PhoneNumber
829,MeasureCode
15,MeasureName
726,MeasureName
824,MeasureCode
404,MeasureName
376,MeasureName
985,MeasureCode
757,MeasureName
996,MeasureName
192,MeasureName
331,Condition
368,Condition
415,State
75,Stateavg
246,State
335,State
857,State
305,State
996,State
443,ZipCode
184,City
933,ZipCode
980,ZipCode
678,ZipCode
993,City
643,City
445,City
608,ZipCode
171,State
548,State
372,PhoneNumber
128,PhoneNumber
93,PhoneNumber
371,PhoneNumber
949,PhoneNumber
598,PhoneNumber
138,State
483,MeasureName
482,MeasureCode
794,MeasureName
87,Condition
184,Condition
573,Condition
174,Condition
976,MeasureCode
654,Condition
358,MeasureCode
255,Condition
206,State
231,MeasureCode
979,City
328,City
723,City
822,City
734,ZipCode
699,City
139,ZipCode
274,ZipCode
750,State
210,PhoneNumber
411,PhoneNumber
172,PhoneNumber
910,MeasureName
811,MeasureName
74,MeasureCode
355,MeasureCode
481,Condition
374,MeasureCode
837,Condition
963,Condition
49,Condition
984,MeasureCode
268,Stateavg
725,Stateavg
567,Stateavg
211,Stateavg
955,Stateavg
870,City
570,City
876,City
177,ZipCode
869,City
864,ZipCode
861,City
947,ZipCode
917,State
123,ZipCode
483,PhoneNumber
528,PhoneNumber
455,PhoneNumber
585,PhoneNumber
643,PhoneNumber
987,ZipCode
475,MeasureName
69,ZipCode
479,MeasureName
308,City
644,MeasureName
989,ZipCode
284,MeasureName
697,City
208,City
869,ZipCode
612,ZipCode
70,MeasureCode
536,City
950,City
409,MeasureCode
662,City
732,MeasureName
894,State
126,Condition
31,State
55,Condition
60,State
149,State
982,Condition
583,PhoneNumber
763,Condition
54,MeasureCode
429,Stateavg
309,MeasureName
189,Stateavg
507,MeasureCode
314,State
92,MeasureName
298,Condition
746,Stateavg
815,Condition
942,Stateavg
194,MeasureCode
642,Condition
955,Condition
655,Condition
813,Stateavg
950,State
986,ZipCode
235,City
760,ZipCode
800,ZipCode
283,State
121,ZipCode
512,PhoneNumber
482,PhoneNumber
367,PhoneNumber
76,PhoneNumber
920,PhoneNumber
433,PhoneNumber
982,PhoneNumber
30,MeasureName
639,MeasureName
77,MeasureName
819,MeasureName
117,MeasureCode
498,MeasureName
406,Condition
310,Condition
952,Condition
66,Condition
872,MeasureCode
296,Stateavg
967,MeasureCode
354,Stateavg
731,Stateavg
106,MeasureCode
15,ZipCode
730,ZipCode
973,ZipCode
728,ZipCode
88,City
988,City
590,City
133,PhoneNumber
807,PhoneNumber
344,PhoneNumber
233,PhoneNumber
779,PhoneNumber
740,MeasureCode
99,MeasureName
482,MeasureName
731,MeasureCode
664,MeasureName
990,MeasureCode
250,MeasureCode
873,Condition
274,Condition
229,Condition
769,Condition
481,Stateavg
698,Stateavg
541,City
985,ZipCode
615,City
600,City
470,State
190,State
355,PhoneNumber
995,PhoneNumber
295,PhoneNumber
789,PhoneNumber
987,MeasureCode
42,MeasureCode
890,MeasureName
910,MeasureCode
627,MeasureCode
134,MeasureName
20,MeasureCode
746,MeasureCode
129,MeasureCode
765,MeasureCode
788,Condition
694,Condition
536,Condition
666,State
654,State
663,City
214,ZipCode
736,ZipCode
941,City
58,City
304,City
675,City
306,City
13,City
939,City
200,City
872,City
596,ZipCode
42,ZipCode
228,City
227,State
585,State
530,City
106,ZipCode
757,ZipCode
561,ZipCode
4,ZipCode
362,State
954,City
706,State
743,State
903,PhoneNumber
241,State
160,PhoneNumber
148,State
231,PhoneNumber
36,ZipCode
129,PhoneNumber
760,State
613,PhoneNumber
282,PhoneNumber
986,PhoneNumber
545,ZipCode
730,PhoneNumber
976,PhoneNumber
599,PhoneNumber
998,PhoneNumber
71,MeasureCode
660,PhoneNumber
276,MeasureCode
305,PhoneNumber
568,MeasureCode
488,MeasureCode
46,MeasureName
815,MeasureName
381,MeasureName
505,MeasureCode
549,MeasureCode
962,Condition
673,MeasureCode
818,Condition
569,MeasureCode
301,Condition
745,Condition
45,Condition
319,MeasureCode
716,Stateavg
774,Condition
756,Stateavg
955,State
463,Condition
909,MeasureCode
762,Condition
522,MeasureCode
699,Condition
826,Stateavg
525,State
201,Stateavg
646,Stateavg
613,City
574,ZipCode
16,ZipCode
738,City
241,ZipCode
579,City
51,State
22,ZipCode
69,PhoneNumber
203,PhoneNumber
126,PhoneNumber
92,PhoneNumber
547,PhoneNumber
569,PhoneNumber
28,PhoneNumber
104,PhoneNumber
878,MeasureCode
20,MeasureName
704,MeasureCode
887,MeasureName
340,MeasureCode
854,Condition
890,Condition
278,Condition
990,Condition
675,Stateavg
365,Stateavg
671,State
833,Stateavg
13,Stateavg
330,State
675,ZipCode
471,ZipCode
362,ZipCode
181,City
301,ZipCode
125,State
782,ZipCode
505,State
193,State
506,PhoneNumber
981,MeasureName
55,MeasureName
941,MeasureName
920,MeasureCode
352,MeasureCode
202,Condition
414,Condition
21,Condition
853,Stateavg
159,Stateavg
9,Stateavg
182,Stateavg
583,Stateavg
353,State
479,ZipCode
203,City
447,ZipCode
183,ZipCode
894,City
71,City
363,ZipCode
659,ZipCode
173,City
948,City
586,State
209,ZipCode
314,City
565,State
544,State
79,State
480,State
411,ZipCode
404,PhoneNumber
553,State
271,PhoneNumber
770,PhoneNumber
33,PhoneNumber
5,PhoneNumber
106,PhoneNumber
571,PhoneNumber
815,MeasureCode
787,PhoneNumber
818,MeasureCode
894,MeasureName
575,MeasureCode
824,MeasureName
498,MeasureCode
744,MeasureCode
721,MeasureCode
261,MeasureName
697,MeasureCode
152,MeasureCode
631,Condition
550,MeasureCode
918,Condition
870,Condition
205,State
991,Stateavg
570,MeasureCode
748,Stateavg
491,MeasureCode
81,Stateavg
260,Condition
844,State
7,Stateavg
151,Stateavg
15,Stateavg
722,State
518,Stateavg
74,Stateavg
3,City
528,City
684,City
374,ZipCode
585,City
607,City
747,State
554,State
501,ZipCode
77,State
182,State
430,ZipCode
907,PhoneNumber
340,PhoneNumber
951,PhoneNumber
613,MeasureCode
644,MeasureCode
907,MeasureName
91,MeasureCode
961,MeasureCode
770,Condition
105,Condition
966,ZipCode
877,City
952,ZipCode
401,ZipCode
115,ZipCode
366,State
356,PhoneNumber
250,ZipCode
377,PhoneNumber
485,PhoneNumber
420,ZipCode
378,PhoneNumber
644,PhoneNumber
997,PhoneNumber
22,MeasureName
656,MeasureName
517,MeasureCode
646,MeasureName
960,MeasureName
690,MeasureName
767,MeasureCode
361,Condition
8,Condition
18,Condition
632,Condition
115,MeasureCode
643,Condition
13,Condition
251,Stateavg
55,Stateavg
366,Stateavg
719,City
945,City
472,ZipCode
984,City
2,City
383,ZipCode
276,ZipCode
273,ZipCode
280,ZipCode
428,ZipCode
686,ZipCode
545,PhoneNumber
600,PhoneNumber
727,MeasureCode
112,MeasureName
773,MeasureCode
812,MeasureName
151,MeasureCode
956,MeasureName
502,Condition
802,Condition
190,MeasureCode
950,MeasureCode
487,Condition
867,Stateavg
724,ZipCode
187,ZipCode
455,City
759,City
1,ZipCode
548,ZipCode
405,State
405,ZipCode
579,State
924,ZipCode
410,PhoneNumber
293,PhoneNumber
336,PhoneNumber
658,PhoneNumber
605,PhoneNumber
797,PhoneNumber
338,MeasureName
708,MeasureName
952,MeasureCode
210,MeasureCode
676,MeasureCode
529,MeasureName
187,Condition
195,Condition
729,Condition
650,Condition
58,MeasureCode
783,MeasureCode
425,Stateavg
330,Stateavg
8,City
227,ZipCode
329,ZipCode
186,City
693,City
913,State
593,State
907,State
60,PhoneNumber
335,ZipCode
510,PhoneNumber
91,PhoneNumber
103,PhoneNumber
285,MeasureCode
667,Condition
439,MeasureCode
40,MeasureCode
266,Condition
596,Stateavg
914,Stateavg
991,ZipCode
730,City
174,ZipCode
364,City
78,City
739,ZipCode
529,ZipCode
779,State
134,State
345,ZipCode
680,City
990,PhoneNumber
112,PhoneNumber
488,MeasureName
136,MeasureName
978,MeasureCode
615,MeasureCode
643,MeasureCode
152,MeasureName
237,MeasureName
844,MeasureName
333,MeasureName
21,MeasureName
699,MeasureName
975,Condition
424,Condition
530,Condition
170,Condition
180,Condition
158,Condition
680,MeasureCode
642,Stateavg
322,State
895,City
937,State
363,City
883,City
572,City
31,ZipCode
290,State
403,State
283,ZipCode
289,ZipCode
49,State
83,State
379,PhoneNumber
811,PhoneNumber
676,PhoneNumber
171,PhoneNumber
150,State
543,MeasureName
22,MeasureCode
549,MeasureName
654,MeasureName
893,MeasureCode
538,MeasureName
232,Condition
112,Condition
421,Condition
673,Condition
838,Condition
600,Condition
854,Stateavg
991,State
982,State
957,State
461,Stateavg
260,State
332,State
51,ZipCode
813,City
943,City
299,ZipCode
820,City
101,ZipCode
78,State
89,State
578,State
202,PhoneNumber
208,PhoneNumber
491,PhoneNumber
426,ZipCode
440,PhoneNumber
983,PhoneNumber
732,PhoneNumber
491,State
29,MeasureName
443,MeasureName
177,MeasureCode
204,MeasureName
253,MeasureName
64,Condition
737,MeasureCode
644,Condition
326,Condition
176,Condition
450,Condition
877,Condition
91,Condition
851,State
543,Stateavg
961,State
628,Stateavg
697,Stateavg
220,Stateavg
769,State
661,Stateavg
727,ZipCode
667,ZipCode
898,City
800,State
786,State
98,State
504,State
374,PhoneNumber
325,PhoneNumber
417,ZipCode
508,PhoneNumber
298,PhoneNumber
467,MeasureName
440,MeasureCode
326,MeasureName
103,MeasureName
907,MeasureCode
960,MeasureCode
529,MeasureCode
972,MeasureName
718,Condition
130,Condition
241,Condition
450,MeasureCode
546,Condition
347,State
73,ZipCode
738,ZipCode
222,ZipCode
478,State
799,State
775,State
278,State
551,PhoneNumber
925,PhoneNumber
303,PhoneNumber
376,State
448,MeasureCode
892,MeasureCode
748,MeasureCode
331,MeasureCode
434,Condition
537,MeasureCode
158,MeasureCode
9,Condition
7,State
729,Stateavg
420,State
758,Stateavg
470,City
448,ZipCode
692,ZipCode
742,ZipCode
378,ZipCode
495,State
113,ZipCode
320,City
28,State
89,City
502,State
549,ZipCode
657,ZipCode
141,PhoneNumber
577,PhoneNumber
92,ZipCode
950,PhoneNumber
992,PhoneNumber
683,ZipCode
444,PhoneNumber
442,MeasureName
996,City
448,MeasureName
76,ZipCode
107,MeasureCode
910,ZipCode
401,MeasureCode
163,State
772,MeasureName
779,ZipCode
981,MeasureCode
260,PhoneNumber
330,PhoneNumber
464,MeasureName
948,PhoneNumber
271,MeasureCode
193,PhoneNumber
540,MeasureName
664,PhoneNumber
237,MeasureCode
534,MeasureCode
235,MeasureCode
35,MeasureCode
995,Condition
408,MeasureCode
614,MeasureCode
381,Condition
147,MeasureName
369,Condition
257,MeasureName
128,Stateavg
305,MeasureCode
311,State
10,MeasureName
362,MeasureName
966,Condition
59,Condition
725,Condition
721,Condition
493,Stateavg
673,Stateavg
508,Stateavg
737,City
195,City
573,City
359,City
756,ZipCode
369,ZipCode
679,City
654,ZipCode
67,ZipCode
465,ZipCode
960,ZipCode
871,City
83,City
872,ZipCode
124,ZipCode
703,State
785,State
404,ZipCode
289,State
395,State
479,PhoneNumber
288,PhoneNumber
259,ZipCode
550,PhoneNumber
987,PhoneNumber
653,PhoneNumber
464,PhoneNumber
522,PhoneNumber
11,MeasureName
43,MeasureCode
61,MeasureName
55,MeasureCode
623,MeasureCode
784,MeasureName
419,Condition
443,Condition
491,Condition
259,Condition
806,Condition
321,Condition
628,State
801,Stateavg
17,Stateavg
180,Stateavg
945,Stateavg
704,Stateavg
954,Stateavg
697,ZipCode
537,City
62,ZipCode
389,State
596,State
922,State
369,PhoneNumber
241,PhoneNumber
189,PhoneNumber
978,MeasureName
983,MeasureName
998,MeasureCode
223,MeasureCode
908,Condition
271,Condition
245,Condition
141,Condition
145,Condition
970,Stateavg
895,ZipCode
977,ZipCode
482,ZipCode
960,City
554,ZipCode
398,ZipCode
21,State
21,ZipCode
925,ZipCode
228,PhoneNumber
513,PhoneNumber
74,PhoneNumber
524,PhoneNumber
710,ZipCode
267,MeasureName
174,MeasureName
880,City
297,ZipCode
531,MeasureName
371,City
834,MeasureCode
495,ZipCode
929,MeasureCode
606,State
844,MeasureCode
249,MeasureCode
386,State
161,MeasureName
919,PhoneNumber
252,ZipCode
691,MeasureCode
765,PhoneNumber
918,PhoneNumber
951,Condition
100,PhoneNumber
888,Condition
885,Condition
790,PhoneNumber
149,Condition
307,MeasureCode
656,Stateavg
441,MeasureName
773,Stateavg
594,MeasureCode
246,Stateavg
202,ZipCode
515,MeasureCode
294,Stateavg
614,City
915,MeasureCode
231,City
396,MeasureCode
958,City
923,MeasureName
763,City
370,MeasureCode
107,ZipCode
122,State
116,State
197,City
650,PhoneNumber
64,State
447,MeasureName
481,MeasureCode
41,MeasureName
738,MeasureCode
764,MeasureName
504,MeasureName
45,MeasureName
652,Condition
258,MeasureCode
251,Condition
555,MeasureCode
497,MeasureCode
397,Condition
415,Stateavg
876,Stateavg
271,Stateavg
794,Stateavg
838,Stateavg
648,Stateavg
473,Stateavg
919,Condition
486,MeasureCode
930,Condition
305,Condition
100,Stateavg
523,Stateavg
453,Stateavg
416,State
623,Stateavg
7,ZipCode
470,ZipCode
527,ZipCode
825,ZipCode
306,ZipCode
919,State
160,State
38,State
914,ZipCode
575,State
278,ZipCode
432,ZipCode
158,PhoneNumber
443,PhoneNumber
989,PhoneNumber
160,MeasureName
484,MeasureName
320,MeasureName
804,MeasureName
715,MeasureName
49,MeasureCode
249,MeasureName
133,Condition
273,MeasureCode
516,Condition
577,Stateavg
686,Stateavg
967,State
259,State
643,Stateavg
289,Stateavg
14,Stateavg
666,ZipCode
672,ZipCode
534,ZipCode
539,City
238,City
741,City
739,City
750,ZipCode
485,ZipCode
321,City
613,State
785,ZipCode
502,ZipCode
136,ZipCode
281,ZipCode
148,ZipCode
181,State
580,State
166,PhoneNumber
147,PhoneNumber
430,PhoneNumber
431,ZipCode
426,PhoneNumber
174,PhoneNumber
304,PhoneNumber
299,PhoneNumber
45,State
938,MeasureCode
85,MeasureCode
912,MeasureName
733,MeasureName
274,MeasureName
648,MeasureCode
538,MeasureCode
859,MeasureName
557,MeasureName
875,MeasureCode
333,MeasureCode
711,MeasureCode
133,MeasureCode
874,Condition
617,Condition
164,Condition
645,Condition
945,Condition
618,Condition
254,Condition
946,Condition
343,Stateavg
380,Stateavg
261,Stateavg
386,Stateavg
618,Stateavg
353,Stateavg
872,State
6,ZipCode
357,City
771,City
677,City
493,State
75,State
130,ZipCode
67,State
977,PhoneNumber
942,PhoneNumber
783,PhoneNumber
47,MeasureCode
169,MeasureCode
823,Condition
895,Condition
379,MeasureCode
214,Condition
70,Condition
766,Condition
123,Condition
34,Stateavg
69,City
610,ZipCode
302,City
302,ZipCode
932,City
879,ZipCode
176,ZipCode
679,ZipCode
519,City
668,City
937,City
154,State
389,ZipCode
908,State
889,State
363,State
499,State
373,PhoneNumber
878,PhoneNumber
445,PhoneNumber
851,MeasureCode
26,MeasureCode
230,MeasureCode
963,MeasureName
834,MeasureName
217,MeasureName
457,MeasureCode
564,MeasureCode
690,MeasureCode
809,MeasureCode
880,Condition
110,Condition
799,Condition
988,Condition
647,State
257,Stateavg
318,State
235,Stateavg
880,ZipCode
878,City
897,ZipCode
876,ZipCode
436,ZipCode
189,City
859,City
371,ZipCode
676,City
884,City
814,ZipCode
581,State
912,State
808,PhoneNumber
669,PhoneNumber
123,PhoneNumber
310,PhoneNumber
604,PhoneNumber
900,PhoneNumber
192,PhoneNumber
108,PhoneNumber
224,MeasureName
506,MeasureCode
383,MeasureCode
258,Condition
207,Condition
914,Condition
623,Condition
395,MeasureCode
996,Condition
527,State
219,State
471,Stateavg
281,MeasureCode
500,Stateavg
946,State
446,City
995,City
594,City
999,ZipCode
877,ZipCode
616,ZipCode
362,City
12,City
817,City
188,State
220,State
504,ZipCode
139,PhoneNumber
201,PhoneNumber
938,PhoneNumber
30,PhoneNumber
749,MeasureCode
359,MeasureName
794,MeasureCode
838,MeasureCode
583,MeasureName
906,Condition
198,Condition
798,Condition
190,Condition
860,Condition
923,Condition
717,Condition
565,Stateavg
839,State
840,Stateavg
833,State
814,State
716,City
723,ZipCode
178,City
646,City
191,ZipCode
192,ZipCode
226,City
381,State
925,State
813,PhoneNumber
347,ZipCode
601,PhoneNumber
234,MeasureCode
957,MeasureName
998,MeasureName
929,MeasureName
454,MeasureCode
321,MeasureName
378,MeasureName
494,Condition
701,Condition
516,MeasureCode
766,MeasureCode
698,Condition
445,MeasureCode
226,Condition
479,Stateavg
224,Stateavg
164,Stateavg
369,Stateavg
747,City
740,City
687,City
664,ZipCode
166,State
804,PhoneNumber
407,PhoneNumber
395,PhoneNumber
961,PhoneNumber
232,MeasureCode
361,MeasureName
197,MeasureCode
738,MeasureName
84,MeasureCode
541,Condition
902,Condition
812,Condition
46,Stateavg
834,State
157,Stateavg
670,City
203,ZipCode
732,City
235,ZipCode
556,State
481,PhoneNumber
516,PhoneNumber
923,PhoneNumber
588,PhoneNumber
367,State
51,MeasureCode
619,MeasureName
965,MeasureName
293,MeasureCode
679,MeasureName
212,MeasureName
900,MeasureCode
737,Condition
401,Condition
842,Condition
759,Condition
212,Condition
911,Condition
12,Condition
469,Condition
970,State
964,Stateavg
427,Stateavg
427,State
57,Stateavg
5,City
523,City
669,City
774,City
603,City
693,ZipCode
61,State
170,State
153,State
546,State
505,PhoneNumber
326,PhoneNumber
122,PhoneNumber
67,PhoneNumber
448,PhoneNumber
751,State
205,MeasureCode
997,MeasureCode
380,MeasureCode
209,MeasureCode
698,MeasureName
379,Condition
85,Condition
19,Condition
339,Condition
324,Condition
171,Stateavg
832,Stateavg
384,Stateavg
222,City
406,State
903,ZipCode
904,ZipCode
111,ZipCode
758,State
569,State
742,PhoneNumber
242,PhoneNumber
431,PhoneNumber
265,PhoneNumber
738,PhoneNumber
110,PhoneNumber
451,MeasureCode
34,MeasureName
389,MeasureName
787,MeasureName
372,MeasureCode
46,MeasureCode
341,MeasureCode
604,MeasureName
715,MeasureCode
514,MeasureName
216,MeasureCode
101,Condition
351,Condition
659,Condition
669,Condition
239,MeasureCode
76,Condition
881,MeasureCode
788,Stateavg
528,MeasureCode
754,Stateavg
650,Stateavg
947,State
724,City
441,ZipCode
962,City
688,City
744,ZipCode
605,City
713,City
370,City
956,ZipCode
749,State
194,State
84,State
409,State
78,PhoneNumber
679,PhoneNumber
342,ZipCode
953,PhoneNumber
994,PhoneNumber
565,MeasureName
835,MeasureName
669,MeasureName
292,MeasureName
668,MeasureCode
618,MeasureName
706,MeasureName
78,Condition
606,Condition
116,Condition
563,Condition
915,Condition
157,Condition
94,MeasureCode
681,Stateavg
472,Stateavg
747,ZipCode
961,City
966,City
807,City
329,City
576,City
66,City
438,City
922,ZipCode
564,ZipCode
509,State
572,State
823,PhoneNumber
130,PhoneNumber
289,PhoneNumber
979,PhoneNumber
308,PhoneNumber
195,MeasureName
458,MeasureName
953,MeasureName
440,MeasureName
6,MeasureName
606,MeasureCode
304,MeasureCode
295,MeasureCode
923,MeasureCode
489,MeasureName
57,MeasureCode
388,Condition
971,Condition
4,MeasureCode
740,State
943,Stateavg
901,Stateavg
654,Stateavg
717,State
462,City
60,ZipCode
19,ZipCode
606,City
606,ZipCode
241,City
243,ZipCode
299,City
899,ZipCode
809,City
98,ZipCode
549,State
131,State
152,ZipCode
508,ZipCode
920,ZipCode
416,PhoneNumber
339,ZipCode
376,City
778,PhoneNumber
794,PhoneNumber
481,MeasureName
876,MeasureName
332,MeasureCode
273,Condition
368,MeasureCode
419,State
68,Stateavg
725,State
992,State
490,Stateavg
660,City
295,ZipCode
655,ZipCode
54,State
185,State
510,ZipCode
910,PhoneNumber
267,ZipCode
473,PhoneNumber
958,PhoneNumber
279,MeasureCode
663,MeasureName
785,MeasureName
953,MeasureCode
27,MeasureName
799,MeasureCode
347,MeasureName
456,MeasureCode
122,MeasureCode
803,MeasureCode
139,MeasureCode
429,Condition
252,Condition
215,MeasureCode
483,Stateavg
64,Stateavg
808,Stateavg
71,Stateavg
980,Stateavg
641,State
970,ZipCode
748,City
722,ZipCode
366,ZipCode
9,ZipCode
473,ZipCode
939,ZipCode
74,ZipCode
820,ZipCode
20,ZipCode
514,ZipCode
50,State
327,PhoneNumber
911,PhoneNumber
235,PhoneNumber
751,City
23,PhoneNumber
868,MeasureName
684,MeasureCode
246,MeasureName
151,MeasureName
140,MeasureCode
492,Condition
622,Condition
778,Condition
362,Condition
137,Condition
232,Stateavg
315,Stateavg
854,ZipCode
970,City
439,ZipCode
867,ZipCode
172,City
674,ZipCode
766,State
57,State
401,PhoneNumber
769,PhoneNumber
689,PhoneNumber
315,PhoneNumber
586,PhoneNumber
296,MeasureCode
727,MeasureName
398,MeasureCode
377,MeasureCode
222,MeasureCode
855,MeasureName
636,Condition
294,MeasureCode
526,Condition
556,Stateavg
621,Stateavg
325,Stateavg
766,Stateavg
180,City
239,ZipCode
729,City
211,City
63,ZipCode
984,ZipCode
381,ZipCode
222,State
151,State
408,PhoneNumber
75,PhoneNumber
230,PhoneNumber
55,PhoneNumber
924,State
369,City
781,PhoneNumber
490,City
800,MeasureCode
874,MeasureName
132,State
523,MeasureName
753,State
842,MeasureName
914,State
835,MeasureCode
552,ZipCode
154,PhoneNumber
220,PhoneNumber
130,MeasureName
810,PhoneNumber
429,MeasureName
809,PhoneNumber
977,MeasureName
441,PhoneNumber
170,MeasureCode
311,PhoneNumber
575,MeasureName
168,MeasureCode
579,MeasureCode
328,MeasureCode
853,Condition
517,MeasureName
595,MeasureCode
709,MeasureCode
786,Condition
779,MeasureName
52,Condition
416,MeasureCode
684,Condition
243,MeasureCode
744,Condition
470,MeasureCode
363,Condition
282,Condition
400,Condition
557,Condition
705,MeasureCode
587,Condition
206,MeasureCode
26,Stateavg
396,Stateavg
984,Condition
942,State
961,Stateavg
828,State
807,State
861,Stateavg
650,State
45,Stateavg
853,City
317,City
68,State
238,State
792,State
550,ZipCode
245,PhoneNumber
943,PhoneNumber
310,MeasureCode
701,MeasureName
563,MeasureName
49,MeasureName
80,MeasureCode
428,Condition
568,Condition
40,Condition
858,Condition
461,Condition
783,Condition
304,Condition
84,Condition
934,MeasureCode
307,Stateavg
836,Stateavg
742,Stateavg
144,Stateavg
679,Stateavg
461,City
295,City
887,City
583,City
584,State
165,ZipCode
71,PhoneNumber
826,PhoneNumber
673,PhoneNumber
409,PhoneNumber
940,PhoneNumber
300,PhoneNumber
439,PhoneNumber
654,PhoneNumber
807,MeasureCode
270,MeasureCode
952,MeasureName
170,MeasureName
382,MeasureName
409,MeasureName
473,MeasureCode
802,MeasureCode
164,MeasureCode
23,Condition
407,Condition
165,MeasureCode
367,Condition
216,Condition
672,Stateavg
653,Stateavg
536,State
529,Stateavg
740,ZipCode
448,City
964,ZipCode
89,ZipCode
537,ZipCode
681,ZipCode
357,ZipCode
65,ZipCode
76,City
277,ZipCode
178,State
105,State
65,State
710,PhoneNumber
363,PhoneNumber
713,PhoneNumber
727,PhoneNumber
176,PhoneNumber
296,MeasureName
853,MeasureCode
60,MeasureCode
731,MeasureName
752,MeasureCode
57,MeasureName
146,Condition
497,Condition
152,Condition
37,Condition
65,Condition
829,State
282,Stateavg
168,Stateavg
753,MeasureCode
696,Stateavg
301,State
581,ZipCode
727,City
379,ZipCode
815,ZipCode
90,City
531,ZipCode
450,ZipCode
50,ZipCode
118,State
909,State
400,State
76,State
554,PhoneNumber
273,PhoneNumber
358,PhoneNumber
396,PhoneNumber
487,PhoneNumber
340,ZipCode
578,PhoneNumber
576,PhoneNumber
422,MeasureCode
724,MeasureName
594,MeasureName
554,MeasureName
27,MeasureCode
932,MeasureCode
885,MeasureName
812,MeasureCode
490,MeasureCode
186,MeasureName
134,MeasureCode
599,MeasureName
127,MeasureName
508,MeasureCode
367,MeasureCode
125,Condition
512,Condition
505,Condition
148,MeasureCode
849,Condition
893,Condition
423,State
877,Stateavg
893,Stateavg
524,ZipCode
298,ZipCode
453,ZipCode
48,City
180,ZipCode
696,City
132,ZipCode
162,ZipCode
408,ZipCode
104,ZipCode
920,State
197,PhoneNumber
142,PhoneNumber
971,PhoneNumber
191,PhoneNumber
529,PhoneNumber
940,MeasureName
479,MeasureCode
345,MeasureName
962,MeasureCode
384,MeasureName
875,MeasureName
584,Condition
147,Condition
723,Condition
909,Condition
661,MeasureCode
987,State
245,Stateavg
411,Stateavg
847,State
920,Stateavg
441,City
694,ZipCode
754,City
896,City
65,City
735,ZipCode
611,City
112,ZipCode
359,State
394,State
159,State
275,ZipCode
258,PhoneNumber
224,PhoneNumber
407,ZipCode
342,PhoneNumber
541,PhoneNumber
457,PhoneNumber
782,MeasureName
70,MeasureName
286,MeasureName
799,MeasureName
176,MeasureName
259,MeasureName
336,MeasureCode
571,MeasureName
447,Condition
991,Condition
405,MeasureCode
681,Condition
969,MeasureCode
423,Stateavg
636,State
456,State
557,Stateavg
194,ZipCode
81,City
687,ZipCode
173,ZipCode
810,ZipCode
760,City
608,City
899,State
991,PhoneNumber
52,MeasureName
286,MeasureCode
606,MeasureName
982,MeasureName
500,MeasureName
446,Condition
466,MeasureCode
985,Condition
806,MeasureCode
65,MeasureCode
621,State
808,ZipCode
18,ZipCode
819,City
592,City
232,State
467,ZipCode
29,State
100,ZipCode
25,State
257,ZipCode
595,PhoneNumber
230,ZipCode
739,PhoneNumber
648,City
158,State
83,ZipCode
675,MeasureName
356,MeasureName
908,MeasureName
502,MeasureCode
125,ZipCode
548,MeasureCode
701,MeasureCode
483,State
828,MeasureCode
276,State
79,Condition
357,State
480,MeasureCode
510,State
200,PhoneNumber
501,PhoneNumber
32,Condition
338,PhoneNumber
127,Condition
746,PhoneNumber
693,Condition
542,PhoneNumber
572,Condition
146,MeasureName
261,State
539,MeasureCode
571,Stateavg
493,MeasureCode
492,MeasureName
602,MeasureName
278,MeasureCode
51,Condition
938,Condition
724,Condition
270,Condition
239,Condition
151,Condition
250,Stateavg
160,Stateavg
251,State
503,MeasureCode
453,MeasureCode
498,Stateavg
939,Stateavg
221,ZipCode
61,ZipCode
889,City
812,City
721,ZipCode
569,ZipCode
881,ZipCode
282,ZipCode
30,State
928,State
752,State
334,ZipCode
146,PhoneNumber
702,PhoneNumber
914,PhoneNumber
693,PhoneNumber
145,PhoneNumber
862,MeasureCode
625,MeasureCode
443,MeasureCode
667,MeasureCode
723,MeasureName
243,MeasureName
105,MeasureName
920,MeasureName
712,MeasureCode
792,Condition
567,Condition
548,Stateavg
665,State
209,Stateavg
371,Stateavg
938,City
894,ZipCode
188,City
372,City
994,City
754,ZipCode
865,City
988,ZipCode
717,City
522,ZipCode
898,ZipCode
559,ZipCode
754,State
81,State
275,State
508,State
500,PhoneNumber
774,PhoneNumber
462,PhoneNumber
523,PhoneNumber
722,PhoneNumber
989,MeasureCode
742,MeasureName
892,MeasureName
804,MeasureCode
302,MeasureName
943,MeasureName
86,MeasureCode
860,MeasureName
316,MeasureName
41,Condition
150,MeasureCode
686,State
554,Stateavg
118,Stateavg
678,MeasureCode
832,State
521,City
955,ZipCode
956,City
474,State
159,PhoneNumber
264,ZipCode
307,PhoneNumber
603,PhoneNumber
435,PhoneNumber
956,PhoneNumber
451,MeasureName
927,MeasureName
963,MeasureCode
363,MeasureCode
21,MeasureCode
389,Condition
511,MeasureCode
204,Condition
409,Condition
172,Condition
804,State
517,Stateavg
819,Stateavg
134,Stateavg
516,Stateavg
181,MeasureCode
824,City
525,ZipCode
949,City
607,ZipCode
694,State
108,ZipCode
88,State
368,State
378,State
68,PhoneNumber
283,PhoneNumber
398,PhoneNumber
302,PhoneNumber
947,PhoneNumber
28,MeasureName
241,MeasureName
314,MeasureCode
36,MeasureName
386,MeasureName
607,MeasureName
534,Condition
980,Condition
248,Condition
804,Condition
177,Condition
237,Condition
886,Stateavg
586,Stateavg
839,Stateavg
303,Stateavg
728,MeasureCode
482,Stateavg
864,Stateavg
80,Stateavg
71,ZipCode
234,City
886,ZipCode
59,ZipCode
644,City
476,City
237,City
957,ZipCode
600,ZipCode
571,ZipCode
942,City
700,State
133,State
782,State
761,State
22,State
141,ZipCode
382,ZipCode
691,PhoneNumber
784,State
62,PhoneNumber
137,ZipCode
3,PhoneNumber
422,PhoneNumber
272,MeasureName
695,PhoneNumber
388,MeasureName
246,ZipCode
433,MeasureCode
366,PhoneNumber
652,MeasureCode
249,PhoneNumber
906,MeasureName
179,PhoneNumber
589,MeasureName
713,MeasureCode
18,PhoneNumber
882,MeasureCode
491,City
62,MeasureName
334,MeasureCode
396,MeasureName
694,MeasureName
454,Condition
95,MeasureCode
165,Condition
83,MeasureCode
297,MeasureCode
647,Stateavg
84,MeasureName
632,Stateavg
972,MeasureCode
582,Stateavg
691,Condition
397,Stateavg
577,Condition
462,Condition
570,Condition
90,MeasureCode
616,Condition
382,Condition
334,Stateavg
921,Stateavg
691,ZipCode
714,ZipCode
656,ZipCode
517,City
220,ZipCode
242,City
934,ZipCode
4,City
43,ZipCode
511,State
114,State
97,State
547,ZipCode
603,State
712,PhoneNumber
364,PhoneNumber
328,PhoneNumber
633,MeasureName
633,MeasureCode
97,MeasureName
145,MeasureCode
700,Condition
279,Condition
223,Condition
394,Condition
48,Condition
625,Stateavg
667,State
657,State
852,Stateavg
205,City
586,ZipCode
753,City
19,City
879,City
985,City
82,ZipCode
170,ZipCode
900,ZipCode
881,City
293,State
409,ZipCode
675,PhoneNumber
279,PhoneNumber
686,PhoneNumber
149,PhoneNumber
589,PhoneNumber
71,State
724,MeasureCode
423,MeasureName
756,MeasureName
204,MeasureCode
526,MeasureName
551,MeasureName
260,MeasureCode
672,MeasureCode
822,MeasureCode
779,Condition
637,MeasureCode
868,State
300,Stateavg
477,Stateavg
218,State
413,State
296,City
743,ZipCode
11,City
967,City
963,City
731,ZipCode
593,City
325,City
56,ZipCode
13,ZipCode
401,State
921,State
471,State
776,State
424,PhoneNumber
818,PhoneNumber
615,PhoneNumber
800,MeasureName
432,MeasureName
894,MeasureCode
490,MeasureName
706,MeasureCode
324,MeasureName
878,Condition
372,Condition
24,Condition
817,State
979,ZipCode
682,City
859,ZipCode
94,City
378,City
946,ZipCode
126,ZipCode
798,State
176,State
116,ZipCode
358,State
157,State
85,PhoneNumber
77,PhoneNumber
805,PhoneNumber
318,PhoneNumber
222,PhoneNumber
666,PhoneNumber
16,PhoneNumber
981,PhoneNumber
449,PhoneNumber
110,MeasureCode
531,MeasureCode
398,MeasureName
277,MeasureCode
438,MeasureCode
183,MeasureCode
466,Condition
803,Condition
881,Condition
110,Stateavg
284,Stateavg
421,State
135,Stateavg
867,State
818,Stateavg
49,Stateavg
937,Stateavg
327,ZipCode
213,ZipCode
536,ZipCode
287,ZipCode
912,ZipCode
119,ZipCode
334,PhoneNumber
421,ZipCode
324,PhoneNumber
892,PhoneNumber
962,PhoneNumber
433,MeasureName
991,MeasureCode
524,MeasureName
5,MeasureName
631,MeasureName
985,MeasureName
285,MeasureName
394,MeasureName
832,MeasureName
643,MeasureName
159,MeasureName
668,MeasureName
255,MeasureName
417,MeasureName
226,MeasureName
727,Condition
897,MeasureCode
958,Condition
336,Condition
466,Stateavg
218,Stateavg
56,Stateavg
339,Stateavg
249,State
367,Stateavg
196,Stateavg
691,City
577,City
232,ZipCode
188,ZipCode
212,City
383,State
152,State
105,ZipCode
696,State
284,ZipCode
274,PhoneNumber
957,PhoneNumber
536,PhoneNumber
952,PhoneNumber
42,PhoneNumber
777,PhoneNumber
632,MeasureName
394,MeasureCode
707,MeasureName
944,Condition
383,Condition
964,Condition
545,Condition
173,MeasureCode
498,Condition
810,Condition
917,MeasureCode
892,Stateavg
268,State
540,State
972,Stateavg
987,City
356,ZipCode
867,City
67,City
705,City
315,ZipCode
486,State
173,State
191,State
119,State
323,PhoneNumber
559,PhoneNumber
233,ZipCode
816,ZipCode
150,ZipCode
134,PhoneNumber
767,PhoneNumber
186,PhoneNumber
14,PhoneNumber
802,PhoneNumber
544,MeasureCode
336,MeasureName
378,MeasureCode
196,MeasureName
670,MeasureCode
517,Condition
82,Condition
965,Condition
62,Condition
662,MeasureCode
228,Stateavg
19,State
615,Stateavg
823,City
609,ZipCode
601,ZipCode
811,City
882,ZipCode
270,State
794,ZipCode
239,State
20,State
205,PhoneNumber
539,PhoneNumber
731,PhoneNumber
21,PhoneNumber
577,MeasureCode
423,MeasureCode
199,MeasureCode
683,MeasureName
988,MeasureCode
926,Condition
124,Condition
647,MeasureCode
936,MeasureCode
303,Condition
108,MeasureCode
529,Condition
521,Stateavg
936,State
690,Stateavg
195,ZipCode
484,City
804,ZipCode
684,ZipCode
983,City
487,ZipCode
324,City
512,ZipCode
917,ZipCode
801,ZipCode
555,State
400,ZipCode
705,PhoneNumber
260,ZipCode
504,PhoneNumber
609,PhoneNumber
657,PhoneNumber
646,PhoneNumber
107,PhoneNumber
714,MeasureCode
568,MeasureName
941,MeasureCode
688,MeasureName
650,MeasureName
141,MeasureName
377,MeasureName
792,MeasureName
571,MeasureCode
810,MeasureName
260,MeasureName
205,Condition
512,MeasureCode
742,Condition
430,Condition
811,Condition
704,Condition
847,MeasureCode
747,Stateavg
31,Stateavg
234,ZipCode
541,ZipCode
539,ZipCode
712,ZipCode
458,City
481,ZipCode
615,ZipCode
708,ZipCode
84,City
588,ZipCode
887,ZipCode
676,ZipCode
655,City
30,ZipCode
890,ZipCode
365,City
781,ZipCode
199,PhoneNumber
692,City
761,PhoneNumber
933,City
976,City
261,ZipCode
749,City
580,ZipCode
902,PhoneNumber
667,City
518,ZipCode
17,PhoneNumber
809,ZipCode
977,City
422,MeasureName
286,State
239,City
903,MeasureCode
82,State
875,City
162,MeasureCode
777,State
169,ZipCode
271,MeasureName
815,PhoneNumber
252,MeasureCode
53,State
89,PhoneNumber
675,Condition
515,PhoneNumber
192,State
919,MeasureCode
681,PhoneNumber
131,PhoneNumber
1000,MeasureCode
466,PhoneNumber
120,PhoneNumber
708,PhoneNumber
104,Condition
38,PhoneNumber
535,PhoneNumber
785,MeasureCode
831,MeasureCode
607,PhoneNumber
509,MeasureName
419,MeasureCode
276,Stateavg
946,MeasureCode
5,MeasureCode
834,Stateavg
574,Condition
558,MeasureCode
682,State
154,Condition
149,MeasureCode
348,MeasureCode
563,MeasureCode
477,Condition
795,MeasureName
94,Condition
340,MeasureName
370,Condition
199,Condition
379,Stateavg
907,Condition
691,Stateavg
318,Stateavg
196,State
532,State
375,City
1000,City
437,City
598,ZipCode
155,State
565,ZipCode
270,ZipCode
251,PhoneNumber
275,PhoneNumber
966,PhoneNumber
16,MeasureCode
527,MeasureName
850,MeasureCode
78,MeasureCode
270,MeasureName
754,MeasureName
818,MeasureName
132,Condition
327,MeasureCode
921,Condition
621,Condition
412,Condition
593,Condition
405,Condition
235,Condition
438,Condition
322,Stateavg
21,Stateavg
264,Stateavg
340,Stateavg
591,City
577,ZipCode
992,ZipCode
322,ZipCode
803,City
210,City
42,State
231,State
419,ZipCode
424,ZipCode
329,PhoneNumber
244,PhoneNumber
944,PhoneNumber
935,PhoneNumber
530,PhoneNumber
784,PhoneNumber
415,MeasureName
609,MeasureName
621,MeasureName
702,MeasureName
500,MeasureCode
127,MeasureCode
552,MeasureCode
343,Condition
440,Condition
791,MeasureCode
979,State
975,ZipCode
202,City
728,City
540,City
763,ZipCode
10,ZipCode
972,ZipCode
990,ZipCode
169,State
788,ZipCode
223,State
778,State
684,PhoneNumber
480,PhoneNumber
225,PhoneNumber
897,PhoneNumber
978,PhoneNumber
545,State
684,MeasureName
328,MeasureName
82,MeasureCode
717,MeasureName
468,Condition
541,MeasureCode
298,MeasureCode
537,Condition
412,MeasureCode
977,Condition
551,Condition
598,Condition
107,Stateavg
442,ZipCode
208,ZipCode
60,City
708,City
855,City
215,ZipCode
758,ZipCode
755,State
114,ZipCode
592,State
411,State
234,PhoneNumber
737,PhoneNumber
656,PhoneNumber
538,PhoneNumber
42,MeasureName
619,MeasureCode
60,MeasureName
671,MeasureCode
116,MeasureCode
666,MeasureCode
484,Condition
455,MeasureCode
857,Condition
746,Condition
182,Condition
3,Stateavg
808,State
617,State
733,State
326,Stateavg
354,State
731,State
59,City
953,City
702,ZipCode
605,ZipCode
242,ZipCode
48,ZipCode
73,State
103,State
490,State
911,ZipCode
473,State
290,PhoneNumber
555,PhoneNumber
80,PhoneNumber
533,PhoneNumber
608,PhoneNumber
351,MeasureCode
87,MeasureName
425,MeasureCode
573,MeasureCode
6,MeasureCode
62,MeasureCode
182,MeasureCode
262,MeasureName
937,MeasureCode
462,MeasureCode
423,Condition
244,Condition
827,Condition
1,Condition
196,Condition
169,Stateavg
773,State
136,Stateavg
592,Stateavg
364,ZipCode
477,City
965,City
821,City
358,ZipCode
487,City
601,State
285,State
470,PhoneNumber
214,PhoneNumber
135,PhoneNumber
564,PhoneNumber
215,PhoneNumber
626,MeasureCode
659,MeasureCode
935,MeasureName
754,MeasureCode
193,MeasureCode
32,MeasureCode
353,MeasureName
370,MeasureName
125,MeasureCode
219,Condition
228,Condition
385,Condition
841,MeasureCode
950,Condition
762,MeasureCode
771,Condition
458,Stateavg
36,Stateavg
888,City
488,ZipCode
659,City
694,City
480,ZipCode
88,ZipCode
769,ZipCode
211,ZipCode
279,ZipCode
166,ZipCode
131,ZipCode
167,State
747,PhoneNumber
169,PhoneNumber
348,PhoneNumber
268,ZipCode
755,PhoneNumber
313,PhoneNumber
883,PhoneNumber
367,City
886,MeasureName
59,MeasureName
160,MeasureCode
501,MeasureCode
153,MeasureName
494,MeasureCode
137,MeasureCode
693,MeasureCode
591,MeasureCode
200,Condition
902,MeasureCode
913,Condition
144,Condition
314,Condition
680,Condition
630,Condition
848,Condition
296,State
827,Stateavg
929,Stateavg
475,City
524,City
742,City
171,City
892,City
585,ZipCode
82,City
671,ZipCode
84,ZipCode
706,ZipCode
587,State
598,State
270,PhoneNumber
471,PhoneNumber
259,PhoneNumber
668,PhoneNumber
552,PhoneNumber
699,PhoneNumber
447,PhoneNumber
974,PhoneNumber
567,PhoneNumber
465,PhoneNumber
939,PhoneNumber
629,MeasureCode
914,MeasureCode
166,Condition
969,Condition
417,Condition
72,Condition
337,Condition
467,Stateavg
718,State
652,State
156,MeasureCode
940,City
863,City
372,ZipCode
484,ZipCode
320,ZipCode
601,City
599,City
969,City
697,State
802,State
588,State
602,State
487,State
754,PhoneNumber
490,PhoneNumber
405,PhoneNumber
891,PhoneNumber
969,PhoneNumber
700,MeasureName
663,MeasureCode
52,MeasureCode
492,MeasureCode
532,MeasureName
647,Condition
44,Condition
97,Condition
547,Condition
225,Condition
676,Condition
629,State
997,State
741,State
708,Stateavg
24,Stateavg
550,Stateavg
940,ZipCode
46,ZipCode
645,City
72,ZipCode
888,State
790,State
748,State
392,ZipCode
486,PhoneNumber
253,PhoneNumber
895,PhoneNumber
580,PhoneNumber
115,PhoneNumber
574,MeasureName
408,MeasureName
449,MeasureName
596,MeasureCode
128,MeasureName
436,MeasureName
180,MeasureCode
316,MeasureCode
588,MeasureName
91,MeasureName
308,Condition
197,Condition
299,Condition
472,Condition
518,Condition
666,Stateavg
453,State
126,Stateavg
319,Stateavg
303,State
869,State
956,State
663,ZipCode
610,City
474,ZipCode
240,ZipCode
864,City
774,ZipCode
463,City
746,City
282,State
146,State
288,State
561,State
52,PhoneNumber
256,ZipCode
658,MeasureName
247,MeasureCode
371,MeasureCode
14,Condition
656,State
982,Stateavg
170,Stateavg
504,Stateavg
718,ZipCode
310,ZipCode
568,ZipCode
649,City
170,City
243,City
752,ZipCode
522,City
99,ZipCode
672,PhoneNumber
49,PhoneNumber
332,ZipCode
1,PhoneNumber
27,PhoneNumber
94,State
101,MeasureName
584,MeasureName
786,MeasureCode
895,MeasureCode
147,MeasureCode
779,MeasureCode
682,MeasureName
739,MeasureName
803,MeasureName
954,MeasureCode
262,MeasureCode
747,MeasureCode
69,MeasureCode
4,Condition
221,Stateavg
70,Stateavg
932,Stateavg
413,Stateavg
44,Stateavg
486,City
229,City
901,ZipCode
93,City
57,ZipCode
612,State
24,State
56,State
698,State
883,State
791,ZipCode
478,PhoneNumber
716,PhoneNumber
263,ZipCode
420,PhoneNumber
590,PhoneNumber
387,PhoneNumber
971,MeasureName
865,MeasureName
209,MeasureName
696,MeasureName
651,MeasureCode
469,MeasureCode
355,MeasureName
820,MeasureName
294,Condition
360,MeasureCode
472,MeasureCode
859,Condition
652,Stateavg
249,Stateavg
13,State
528,ZipCode
527,City
70,City
244,City
79,City
454,City
599,ZipCode
567,State
930,State
371,State
121,State
469,State
145,ZipCode
317,PhoneNumber
211,PhoneNumber
337,ZipCode
461,PhoneNumber
307,MeasureName
895,MeasureName
425,MeasureName
989,MeasureName
901,MeasureName
743,Condition
234,Condition
327,Condition
523,Condition
722,MeasureCode
741,MeasureCode
967,Stateavg
723,Stateavg
971,Stateavg
568,City
580,City
221,State
118,ZipCode
142,State
251,ZipCode
346,PhoneNumber
152,PhoneNumber
760,PhoneNumber
973,PhoneNumber
964,PhoneNumber
896,PhoneNumber
341,MeasureName
977,MeasureCode
245,MeasureCode
186,MeasureCode
80,MeasureName
782,Condition
221,Condition
592,Condition
274,Stateavg
935,Stateavg
114,Stateavg
623,State
39,Stateavg
954,State
672,City
46,City
375,ZipCode
858,ZipCode
755,ZipCode
56,City
355,ZipCode
361,State
85,State
496,ZipCode
374,State
292,ZipCode
492,PhoneNumber
83,PhoneNumber
489,PhoneNumber
190,PhoneNumber
995,MeasureName
556,MeasureCode
825,MeasureCode
558,MeasureName
19,MeasureName
688,MeasureCode
363,MeasureName
623,MeasureName
160,Condition
300,MeasureCode
619,Condition
240,Condition
826,State
174,Stateavg
657,Stateavg
858,Stateavg
10,Stateavg
306,Stateavg
685,City
17,City
866,ZipCode
297,City
993,ZipCode
957,City
698,ZipCode
163,ZipCode
111,State
380,ZipCode
360,State
397,ZipCode
751,ZipCode
316,PhoneNumber
561,PhoneNumber
181,PhoneNumber
4,PhoneNumber
205,MeasureName
786,MeasureName
184,MeasureName
320,MeasureCode
842,MeasureCode
795,MeasureCode
432,Condition
8,MeasureCode
418,Condition
33,Condition
607,Condition
587,MeasureCode
286,Stateavg
1000,Stateavg
840,State
210,State
467,City
486,ZipCode
932,ZipCode
901,City
954,ZipCode
996,ZipCode
34,ZipCode
913,ZipCode
159,ZipCode
784,ZipCode
72,State
566,PhoneNumber
437,PhoneNumber
946,PhoneNumber
565,MeasureCode
166,MeasureCode
548,MeasureName
790,MeasureCode
650,MeasureCode
322,MeasureCode
855,MeasureCode
651,MeasureName
771,MeasureCode
532,MeasureCode
155,Condition
422,Condition
822,Condition
910,Stateavg
941,Stateavg
426,Stateavg
145,Stateavg
522,State
440,City
449,City
578,City
204,ZipCode
720,ZipCode
311,City
388,State
903,State
187,State
375,State
58,State
165,State
881,State
495,PhoneNumber
257,PhoneNumber
344,ZipCode
338,ZipCode
53,PhoneNumber
597,PhoneNumber
642,PhoneNumber
2,PhoneNumber
878,MeasureName
948,MeasureName
852,Condition
605,MeasureCode
240,MeasureCode
253,Condition
720,MeasureCode
175,Condition
361,Stateavg
230,Stateavg
306,MeasureCode
51,City
521,ZipCode
433,City
874,City
980,City
959,ZipCode
773,ZipCode
461,ZipCode
519,ZipCode
315,City
871,ZipCode
651,City
891,State
792,ZipCode
391,State
607,State
476,PhoneNumber
177,PhoneNumber
734,PhoneNumber
786,PhoneNumber
26,PhoneNumber
795,PhoneNumber
28,MeasureCode
381,MeasureCode
185,MeasureCode
745,MeasureCode
716,Condition
620,Condition
332,Condition
388,Stateavg
3,State
310,State
957,Stateavg
269,State
752,Stateavg
210,Stateavg
307,City
87,ZipCode
373,ZipCode
642,ZipCode
101,State
387,ZipCode
493,ZipCode
515,ZipCode
589,State
746,State
557,ZipCode
223,PhoneNumber
922,PhoneNumber
278,PhoneNumber
820,PhoneNumber
932,PhoneNumber
540,PhoneNumber
227,MeasureName
471,MeasureName
849,MeasureCode
454,MeasureName
278,MeasureName
591,Condition
711,Condition
69,Condition
596,Condition
702,Condition
474,Condition
781,Condition
411,MeasureCode
630,MeasureCode
499,Condition
966,Stateavg
402,Stateavg
579,Stateavg
823,ZipCode
85,City
573,ZipCode
477,ZipCode
182,City
572,ZipCode
896,State
715,State
37,ZipCode
749,PhoneNumber
711,City
568,PhoneNumber
520,PhoneNumber
719,PhoneNumber
180,PhoneNumber
798,PhoneNumber
574,MeasureCode
714,MeasureName
406,MeasureName
476,MeasureName
525,MeasureName
122,MeasureName
407,MeasureName
317,MeasureCode
220,Condition
998,Condition
114,Condition
384,Condition
818,State
325,MeasureCode
769,Stateavg
306,State
938,ZipCode
868,ZipCode
964,City
873,City
709,ZipCode
936,ZipCode
805,ZipCode
673,ZipCode
538,ZipCode
735,City
558,State
507,PhoneNumber
127,PhoneNumber
165,PhoneNumber
29,MeasureCode
903,MeasureName
107,MeasureName
850,MeasureName
17,MeasureCode
506,MeasureName
830,MeasureName
671,MeasureName
593,MeasureName
457,MeasureName
24,MeasureCode
478,ZipCode
514,MeasureCode
499,MeasureName
446,MeasureCode
716,MeasureCode
612,MeasureCode
427,Condition
52,ZipCode
641,MeasureCode
817,Condition
119,Condition
609,City
300,State
243,Stateavg
520,ZipCode
811,State
860,City
322,City
490,ZipCode
305,ZipCode
692,State
702,State
55,State
134,ZipCode
127,State
795,ZipCode
924,PhoneNumber
423,ZipCode
806,PhoneNumber
45,PhoneNumber
649,PhoneNumber
655,PhoneNumber
54,MeasureName
836,MeasureCode
464,MeasureCode
303,MeasureCode
679,MeasureCode
309,Condition
549,Condition
641,Condition
898,MeasureCode
995,Stateavg
902,Stateavg
889,Stateavg
842,State
578,MeasureCode
103,Stateavg
803,State
685,ZipCode
479,City
770,ZipCode
575,ZipCode
489,ZipCode
942,ZipCode
154,ZipCode
40,State
513,ZipCode
421,PhoneNumber
246,PhoneNumber
360,PhoneNumber
417,PhoneNumber
370,PhoneNumber
736,PhoneNumber
526,PhoneNumber
178,PhoneNumber
559,MeasureCode
118,MeasureName
291,MeasureName
417,MeasureCode
489,MeasureCode
375,MeasureCode
89,MeasureCode
867,Condition
329,State
985,State
461,State
992,Stateavg
426,State
572,Stateavg
991,City
652,ZipCode
981,City
439,City
190,City
893,ZipCode
818,ZipCode
707,ZipCode
594,State
560,ZipCode
503,State
156,State
135,State
763,State
347,PhoneNumber
581,PhoneNumber
64,City
453,PhoneNumber
36,PhoneNumber
791,PhoneNumber
521,MeasureCode
519,MeasureCode
222,MeasureName
74,MeasureName
469,MeasureName
758,MeasureCode
590,MeasureName
856,MeasureCode
159,Condition
795,Condition
124,Stateavg
727,Stateavg
813,State
245,State
119,Stateavg
26,ZipCode
144,ZipCode
911,State
90,PhoneNumber
292,PhoneNumber
6,PhoneNumber
424,MeasureCode
276,MeasureName
527,MeasureCode
927,MeasureCode
241,MeasureCode
494,MeasureName
551,MeasureCode
211,MeasureName
353,MeasureCode
961,Condition
787,Condition
601,Condition
208,Condition
60,Condition
734,Condition
628,MeasureCode
980,State
858,State
231,Stateavg
824,ZipCode
201,City
860,ZipCode
454,ZipCode
10,City
570,State
183,State
709,State
285,ZipCode
240,State
51,PhoneNumber
219,PhoneNumber
709,PhoneNumber
204,PhoneNumber
788,PhoneNumber
987,MeasureName
880,MeasureName
439,Condition
269,Condition
872,Condition
861,Condition
320,State
269,Stateavg
378,Stateavg
87,City
652,City
187,City
476,ZipCode
174,City
943,ZipCode
55,City
885,ZipCode
575,City
814,City
555,ZipCode
775,ZipCode
137,State
590,State
336,ZipCode
85,MeasureName
174,MeasureCode
708,MeasureCode
9,MeasureName
345,Condition
540,Stateavg
391,Stateavg
420,Stateavg
649,ZipCode
309,ZipCode
78,ZipCode
570,ZipCode
464,ZipCode
826,City
456,ZipCode
688,ZipCode
701,City
811,ZipCode
764,ZipCode
313,ZipCode
489,City
43,State
937,ZipCode
501,State
356,State
95,State
496,State
498,State
802,ZipCode
314,PhoneNumber
41,State
367,ZipCode
402,State
665,PhoneNumber
198,PhoneNumber
874,MeasureCode
143,PhoneNumber
694,MeasureCode
50,PhoneNumber
869,MeasureName
184,PhoneNumber
519,MeasureName
612,PhoneNumber
259,MeasureCode
7,MeasureCode
299,MeasureName
542,MeasureCode
507,Condition
613,MeasureName
671,Condition
351,MeasureName
461,MeasureCode
788,MeasureCode
264,MeasureCode
441,MeasureCode
975,Stateavg
172,MeasureCode
936,Stateavg
450,City
508,MeasureName
879,Stateavg
22,Condition
331,City
607,Stateavg
385,MeasureCode
234,State
602,Stateavg
414,Stateavg
513,State
909,ZipCode
603,Stateavg
226,Stateavg
206,PhoneNumber
905,PhoneNumber
822,PhoneNumber
750,PhoneNumber
674,PhoneNumber
625,MeasureName
279,MeasureName
130,MeasureCode
564,MeasureName
400,MeasureCode
944,MeasureCode
64,MeasureCode
935,Condition
538,Condition
579,Condition
131,Stateavg
416,Stateavg
942,MeasureCode
946,Stateavg
657,City
722,City
190,ZipCode
671,City
360,City
567,City
14,ZipCode
583,ZipCode
901,State
929,State
236,State
926,PhoneNumber
221,PhoneNumber
140,PhoneNumber
698,PhoneNumber
253,ZipCode
696,PhoneNumber
19,PhoneNumber
361,MeasureCode
782,MeasureCode
726,MeasureCode
913,MeasureCode
245,MeasureName
117,MeasureName
10,MeasureCode
473,MeasureName
980,MeasureCode
687,Condition
646,Condition
752,Condition
740,Stateavg
111,Stateavg
175,Stateavg
278,Stateavg
434,City
997,City
612,City
482,State
516,ZipCode
175,State
129,State
415,ZipCode
138,ZipCode
335,PhoneNumber
213,PhoneNumber
436,PhoneNumber
816,City
20,PhoneNumber
523,MeasureCode
280,MeasureCode
954,MeasureName
693,MeasureName
301,MeasureName
30,Condition
527,Condition
198,MeasureCode
827,MeasureCode
20,Condition
200,State
96,Stateavg
522,Stateavg
574,City
232,City
379,City
5,ZipCode
616,City
602,ZipCode
972,City
505,ZipCode
26,State
153,ZipCode
699,State
397,PhoneNumber
999,PhoneNumber
885,PhoneNumber
202,MeasureCode
364,MeasureCode
120,MeasureCode
111,MeasureName
968,MeasureName
958,MeasureCode
212,MeasureCode
76,MeasureName
451,Condition
943,Condition
189,MeasureCode
986,Stateavg
868,Stateavg
897,Stateavg
19,Stateavg
239,Stateavg
721,Stateavg
307,ZipCode
695,ZipCode
902,ZipCode
437,ZipCode
646,ZipCode
742,State
44,State
377,State
693,State
496,PhoneNumber
989,City
247,PhoneNumber
77,City
150,PhoneNumber
858,City
735,PhoneNumber
701,ZipCode
483,MeasureCode
172,State
993,MeasureCode
762,State
392,State
922,MeasureCode
125,PhoneNumber
608,MeasureName
54,PhoneNumber
254,MeasureName
428,PhoneNumber
148,PhoneNumber
495,MeasureCode
400,PhoneNumber
495,Condition
521,PhoneNumber
387,Condition
326,City
959,Condition
934,PhoneNumber
96,Condition
185,Condition
801,PhoneNumber
784,Condition
500,State
200,Stateavg
154,MeasureName
854,State
995,MeasureCode
348,Stateavg
310,MeasureName
888,MeasureCode
528,Stateavg
111,MeasureCode
31,MeasureCode
567,MeasureCode
646,MeasureCode
681,MeasureCode
809,MeasureName
129,MeasureName
828,MeasureName
918,MeasureName
404,Condition
122,Condition
277,Condition
672,State
185,Stateavg
281,Stateavg
150,Stateavg
668,State
275,Stateavg
253,Stateavg
